INSERT INTO birthplace (birthplace_id, country_key, country_name, region_key, region_name, city_key, city_name)
VALUES (3, 1, 'Russia', 2, 'Vologda Oblast', 4, 'Vologda');
INSERT INTO birthplace (birthplace_id, country_key, country_name, region_key, region_name, city_key, city_name)
VALUES (5, 1, 'Russia', 2, 'Vologda Oblast', 6, 'Cherepovets');
INSERT INTO birthplace (birthplace_id, country_key, country_name, region_key, region_name, city_key, city_name)
VALUES (7, 1, 'Russia', 2, 'Vologda Oblast', 8, 'Sokol');
INSERT INTO birthplace (birthplace_id, country_key, country_name, region_key, region_name, city_key, city_name)
VALUES (10, 1, 'Russia', 9, 'Yaroslavl Oblast', 11, 'Yaroslavl');
INSERT INTO birthplace (birthplace_id, country_key, country_name, region_key, region_name, city_key, city_name)
VALUES (12, 1, 'Russia', 9, 'Yaroslavl Oblast', 13, 'Rostov');
INSERT INTO birthplace (birthplace_id, country_key, country_name, region_key, region_name, city_key, city_name)
VALUES (14, 1, 'Russia', 9, 'Yaroslavl Oblast', 15, 'Rybinsk');
INSERT INTO birthplace (birthplace_id, country_key, country_name, region_key, region_name, city_key, city_name)
VALUES (16, 1, 'Russia', 9, 'Yaroslavl Oblast', 17, 'Uglich');
INSERT INTO birthplace (birthplace_id, country_key, country_name, region_key, region_name, city_key, city_name)
VALUES (19, 1, 'Russia', 18, 'Krasnoyarsk Krai', 20, 'Krasnoyarsk');
INSERT INTO birthplace (birthplace_id, country_key, country_name, region_key, region_name, city_key, city_name)
VALUES (21, 1, 'Russia', 18, 'Krasnoyarsk Krai', 22, 'Norilsk');
INSERT INTO birthplace (birthplace_id, country_key, country_name, region_key, region_name, city_key, city_name)
VALUES (23, 1, 'Russia', 18, 'Krasnoyarsk Krai', 24, 'Zelenogorsk');
INSERT INTO birthplace (birthplace_id, country_key, country_name, region_key, region_name, city_key, city_name)
VALUES (27, 25, 'Belarus', 26, 'Gomel Region', 28, 'Gomel');
INSERT INTO birthplace (birthplace_id, country_key, country_name, region_key, region_name, city_key, city_name)
VALUES (29, 25, 'Belarus', 26, 'Gomel Region', 30, 'Zhlobin');
INSERT INTO birthplace (birthplace_id, country_key, country_name, region_key, region_name, city_key, city_name)
VALUES (31, 25, 'Belarus', 26, 'Gomel Region', 32, 'Dobrush');
INSERT INTO birthplace (birthplace_id, country_key, country_name, region_key, region_name, city_key, city_name)
VALUES (34, 25, 'Belarus', 33, 'Minsk Region', 35, 'Minsk');
INSERT INTO birthplace (birthplace_id, country_key, country_name, region_key, region_name, city_key, city_name)
VALUES (36, 25, 'Belarus', 33, 'Minsk Region', 37, 'Salihorsk');
INSERT INTO birthplace (birthplace_id, country_key, country_name, region_key, region_name, city_key, city_name)
VALUES (38, 25, 'Belarus', 33, 'Minsk Region', 39, 'Slutsk');

INSERT INTO time_t (time_id, year_key, year_name, term_key, term_name)
VALUES (1, 1990, '1990 year', 1, 'first term');
INSERT INTO time_t (time_id, year_key, year_name, term_key, term_name)
VALUES (2, 1990, '1990 year', 2, 'second term');
INSERT INTO time_t (time_id, year_key, year_name, term_key, term_name)
VALUES (3, 1991, '1991 year', 3, 'first term');
INSERT INTO time_t (time_id, year_key, year_name, term_key, term_name)
VALUES (4, 1991, '1991 year', 4, 'second term');
INSERT INTO time_t (time_id, year_key, year_name, term_key, term_name)
VALUES (5, 1992, '1992 year', 5, 'first term');
INSERT INTO time_t (time_id, year_key, year_name, term_key, term_name)
VALUES (6, 1992, '1992 year', 6, 'second term');
INSERT INTO time_t (time_id, year_key, year_name, term_key, term_name)
VALUES (7, 1993, '1993 year', 7, 'first term');
INSERT INTO time_t (time_id, year_key, year_name, term_key, term_name)
VALUES (8, 1993, '1993 year', 8, 'second term');
INSERT INTO time_t (time_id, year_key, year_name, term_key, term_name)
VALUES (9, 1994, '1994 year', 9, 'first term');
INSERT INTO time_t (time_id, year_key, year_name, term_key, term_name)
VALUES (10, 1994, '1994 year', 10, 'second term');
INSERT INTO time_t (time_id, year_key, year_name, term_key, term_name)
VALUES (11, 1995, '1995 year', 11, 'first term');
INSERT INTO time_t (time_id, year_key, year_name, term_key, term_name)
VALUES (12, 1995, '1995 year', 12, 'second term');
INSERT INTO time_t (time_id, year_key, year_name, term_key, term_name)
VALUES (13, 1996, '1996 year', 13, 'first term');
INSERT INTO time_t (time_id, year_key, year_name, term_key, term_name)
VALUES (14, 1996, '1996 year', 14, 'second term');
INSERT INTO time_t (time_id, year_key, year_name, term_key, term_name)
VALUES (15, 1997, '1997 year', 15, 'first term');
INSERT INTO time_t (time_id, year_key, year_name, term_key, term_name)
VALUES (16, 1997, '1997 year', 16, 'second term');
INSERT INTO time_t (time_id, year_key, year_name, term_key, term_name)
VALUES (17, 1998, '1998 year', 17, 'first term');
INSERT INTO time_t (time_id, year_key, year_name, term_key, term_name)
VALUES (18, 1998, '1998 year', 18, 'second term');
INSERT INTO time_t (time_id, year_key, year_name, term_key, term_name)
VALUES (19, 1999, '1999 year', 19, 'first term');
INSERT INTO time_t (time_id, year_key, year_name, term_key, term_name)
VALUES (20, 1999, '1999 year', 20, 'second term');

INSERT INTO fact2 (fact2_id, people_count, birthplace_id, time_id)
VALUES (1, 2824, 3, 1);
INSERT INTO fact2 (fact2_id, people_count, birthplace_id, time_id)
VALUES (2, 1409, 3, 2);
INSERT INTO fact2 (fact2_id, people_count, birthplace_id, time_id)
VALUES (3, 5506, 3, 3);
INSERT INTO fact2 (fact2_id, people_count, birthplace_id, time_id)
VALUES (4, 5012, 3, 4);
INSERT INTO fact2 (fact2_id, people_count, birthplace_id, time_id)
VALUES (5, 4657, 3, 5);
INSERT INTO fact2 (fact2_id, people_count, birthplace_id, time_id)
VALUES (6, 3286, 3, 6);
INSERT INTO fact2 (fact2_id, people_count, birthplace_id, time_id)
VALUES (7, 2679, 3, 7);
INSERT INTO fact2 (fact2_id, people_count, birthplace_id, time_id)
VALUES (8, 9935, 3, 8);
INSERT INTO fact2 (fact2_id, people_count, birthplace_id, time_id)
VALUES (9, 2424, 3, 9);
INSERT INTO fact2 (fact2_id, people_count, birthplace_id, time_id)
VALUES (10, 7912, 3, 10);
INSERT INTO fact2 (fact2_id, people_count, birthplace_id, time_id)
VALUES (11, 1520, 3, 11);
INSERT INTO fact2 (fact2_id, people_count, birthplace_id, time_id)
VALUES (12, 1488, 3, 12);
INSERT INTO fact2 (fact2_id, people_count, birthplace_id, time_id)
VALUES (13, 2535, 3, 13);
INSERT INTO fact2 (fact2_id, people_count, birthplace_id, time_id)
VALUES (14, 4582, 3, 14);
INSERT INTO fact2 (fact2_id, people_count, birthplace_id, time_id)
VALUES (15, 4811, 3, 15);
INSERT INTO fact2 (fact2_id, people_count, birthplace_id, time_id)
VALUES (16, 9279, 3, 16);
INSERT INTO fact2 (fact2_id, people_count, birthplace_id, time_id)
VALUES (17, 1434, 3, 17);
INSERT INTO fact2 (fact2_id, people_count, birthplace_id, time_id)
VALUES (18, 4257, 3, 18);
INSERT INTO fact2 (fact2_id, people_count, birthplace_id, time_id)
VALUES (19, 9928, 3, 19);
INSERT INTO fact2 (fact2_id, people_count, birthplace_id, time_id)
VALUES (20, 7873, 3, 20);
INSERT INTO fact2 (fact2_id, people_count, birthplace_id, time_id)
VALUES (21, 4611, 5, 1);
INSERT INTO fact2 (fact2_id, people_count, birthplace_id, time_id)
VALUES (22, 8359, 5, 2);
INSERT INTO fact2 (fact2_id, people_count, birthplace_id, time_id)
VALUES (23, 5557, 5, 3);
INSERT INTO fact2 (fact2_id, people_count, birthplace_id, time_id)
VALUES (24, 1106, 5, 4);
INSERT INTO fact2 (fact2_id, people_count, birthplace_id, time_id)
VALUES (25, 3615, 5, 5);
INSERT INTO fact2 (fact2_id, people_count, birthplace_id, time_id)
VALUES (26, 7924, 5, 6);
INSERT INTO fact2 (fact2_id, people_count, birthplace_id, time_id)
VALUES (27, 6574, 5, 7);
INSERT INTO fact2 (fact2_id, people_count, birthplace_id, time_id)
VALUES (28, 5552, 5, 8);
INSERT INTO fact2 (fact2_id, people_count, birthplace_id, time_id)
VALUES (29, 3547, 5, 9);
INSERT INTO fact2 (fact2_id, people_count, birthplace_id, time_id)
VALUES (30, 4527, 5, 10);
INSERT INTO fact2 (fact2_id, people_count, birthplace_id, time_id)
VALUES (31, 6514, 5, 11);
INSERT INTO fact2 (fact2_id, people_count, birthplace_id, time_id)
VALUES (32, 2674, 5, 12);
INSERT INTO fact2 (fact2_id, people_count, birthplace_id, time_id)
VALUES (33, 2519, 5, 13);
INSERT INTO fact2 (fact2_id, people_count, birthplace_id, time_id)
VALUES (34, 7224, 5, 14);
INSERT INTO fact2 (fact2_id, people_count, birthplace_id, time_id)
VALUES (35, 2584, 5, 15);
INSERT INTO fact2 (fact2_id, people_count, birthplace_id, time_id)
VALUES (36, 6881, 5, 16);
INSERT INTO fact2 (fact2_id, people_count, birthplace_id, time_id)
VALUES (37, 6635, 5, 17);
INSERT INTO fact2 (fact2_id, people_count, birthplace_id, time_id)
VALUES (38, 5333, 5, 18);
INSERT INTO fact2 (fact2_id, people_count, birthplace_id, time_id)
VALUES (39, 1711, 5, 19);
INSERT INTO fact2 (fact2_id, people_count, birthplace_id, time_id)
VALUES (40, 8527, 5, 20);
INSERT INTO fact2 (fact2_id, people_count, birthplace_id, time_id)
VALUES (41, 9785, 7, 1);
INSERT INTO fact2 (fact2_id, people_count, birthplace_id, time_id)
VALUES (42, 3045, 7, 2);
INSERT INTO fact2 (fact2_id, people_count, birthplace_id, time_id)
VALUES (43, 7201, 7, 3);
INSERT INTO fact2 (fact2_id, people_count, birthplace_id, time_id)
VALUES (44, 2291, 7, 4);
INSERT INTO fact2 (fact2_id, people_count, birthplace_id, time_id)
VALUES (45, 5803, 7, 5);
INSERT INTO fact2 (fact2_id, people_count, birthplace_id, time_id)
VALUES (46, 6925, 7, 6);
INSERT INTO fact2 (fact2_id, people_count, birthplace_id, time_id)
VALUES (47, 4150, 7, 7);
INSERT INTO fact2 (fact2_id, people_count, birthplace_id, time_id)
VALUES (48, 2139, 7, 8);
INSERT INTO fact2 (fact2_id, people_count, birthplace_id, time_id)
VALUES (49, 1750, 7, 9);
INSERT INTO fact2 (fact2_id, people_count, birthplace_id, time_id)
VALUES (50, 4733, 7, 10);
INSERT INTO fact2 (fact2_id, people_count, birthplace_id, time_id)
VALUES (51, 5741, 7, 11);
INSERT INTO fact2 (fact2_id, people_count, birthplace_id, time_id)
VALUES (52, 2307, 7, 12);
INSERT INTO fact2 (fact2_id, people_count, birthplace_id, time_id)
VALUES (53, 4814, 7, 13);
INSERT INTO fact2 (fact2_id, people_count, birthplace_id, time_id)
VALUES (54, 2654, 7, 14);
INSERT INTO fact2 (fact2_id, people_count, birthplace_id, time_id)
VALUES (55, 7227, 7, 15);
INSERT INTO fact2 (fact2_id, people_count, birthplace_id, time_id)
VALUES (56, 5554, 7, 16);
INSERT INTO fact2 (fact2_id, people_count, birthplace_id, time_id)
VALUES (57, 8428, 7, 17);
INSERT INTO fact2 (fact2_id, people_count, birthplace_id, time_id)
VALUES (58, 6977, 7, 18);
INSERT INTO fact2 (fact2_id, people_count, birthplace_id, time_id)
VALUES (59, 3664, 7, 19);
INSERT INTO fact2 (fact2_id, people_count, birthplace_id, time_id)
VALUES (60, 7065, 7, 20);
INSERT INTO fact2 (fact2_id, people_count, birthplace_id, time_id)
VALUES (61, 6820, 10, 1);
INSERT INTO fact2 (fact2_id, people_count, birthplace_id, time_id)
VALUES (62, 4432, 10, 2);
INSERT INTO fact2 (fact2_id, people_count, birthplace_id, time_id)
VALUES (63, 5374, 10, 3);
INSERT INTO fact2 (fact2_id, people_count, birthplace_id, time_id)
VALUES (64, 2169, 10, 4);
INSERT INTO fact2 (fact2_id, people_count, birthplace_id, time_id)
VALUES (65, 3803, 10, 5);
INSERT INTO fact2 (fact2_id, people_count, birthplace_id, time_id)
VALUES (66, 9751, 10, 6);
INSERT INTO fact2 (fact2_id, people_count, birthplace_id, time_id)
VALUES (67, 5010, 10, 7);
INSERT INTO fact2 (fact2_id, people_count, birthplace_id, time_id)
VALUES (68, 3677, 10, 8);
INSERT INTO fact2 (fact2_id, people_count, birthplace_id, time_id)
VALUES (69, 8573, 10, 9);
INSERT INTO fact2 (fact2_id, people_count, birthplace_id, time_id)
VALUES (70, 7216, 10, 10);
INSERT INTO fact2 (fact2_id, people_count, birthplace_id, time_id)
VALUES (71, 5422, 10, 11);
INSERT INTO fact2 (fact2_id, people_count, birthplace_id, time_id)
VALUES (72, 4598, 10, 12);
INSERT INTO fact2 (fact2_id, people_count, birthplace_id, time_id)
VALUES (73, 6313, 10, 13);
INSERT INTO fact2 (fact2_id, people_count, birthplace_id, time_id)
VALUES (74, 1916, 10, 14);
INSERT INTO fact2 (fact2_id, people_count, birthplace_id, time_id)
VALUES (75, 4752, 10, 15);
INSERT INTO fact2 (fact2_id, people_count, birthplace_id, time_id)
VALUES (76, 1525, 10, 16);
INSERT INTO fact2 (fact2_id, people_count, birthplace_id, time_id)
VALUES (77, 6168, 10, 17);
INSERT INTO fact2 (fact2_id, people_count, birthplace_id, time_id)
VALUES (78, 7572, 10, 18);
INSERT INTO fact2 (fact2_id, people_count, birthplace_id, time_id)
VALUES (79, 5386, 10, 19);
INSERT INTO fact2 (fact2_id, people_count, birthplace_id, time_id)
VALUES (80, 2084, 10, 20);
INSERT INTO fact2 (fact2_id, people_count, birthplace_id, time_id)
VALUES (81, 4456, 12, 1);
INSERT INTO fact2 (fact2_id, people_count, birthplace_id, time_id)
VALUES (82, 6155, 12, 2);
INSERT INTO fact2 (fact2_id, people_count, birthplace_id, time_id)
VALUES (83, 4483, 12, 3);
INSERT INTO fact2 (fact2_id, people_count, birthplace_id, time_id)
VALUES (84, 9179, 12, 4);
INSERT INTO fact2 (fact2_id, people_count, birthplace_id, time_id)
VALUES (85, 7482, 12, 5);
INSERT INTO fact2 (fact2_id, people_count, birthplace_id, time_id)
VALUES (86, 8517, 12, 6);
INSERT INTO fact2 (fact2_id, people_count, birthplace_id, time_id)
VALUES (87, 3340, 12, 7);
INSERT INTO fact2 (fact2_id, people_count, birthplace_id, time_id)
VALUES (88, 5339, 12, 8);
INSERT INTO fact2 (fact2_id, people_count, birthplace_id, time_id)
VALUES (89, 3287, 12, 9);
INSERT INTO fact2 (fact2_id, people_count, birthplace_id, time_id)
VALUES (90, 5040, 12, 10);
INSERT INTO fact2 (fact2_id, people_count, birthplace_id, time_id)
VALUES (91, 9830, 12, 11);
INSERT INTO fact2 (fact2_id, people_count, birthplace_id, time_id)
VALUES (92, 5304, 12, 12);
INSERT INTO fact2 (fact2_id, people_count, birthplace_id, time_id)
VALUES (93, 8019, 12, 13);
INSERT INTO fact2 (fact2_id, people_count, birthplace_id, time_id)
VALUES (94, 7543, 12, 14);
INSERT INTO fact2 (fact2_id, people_count, birthplace_id, time_id)
VALUES (95, 6930, 12, 15);
INSERT INTO fact2 (fact2_id, people_count, birthplace_id, time_id)
VALUES (96, 4593, 12, 16);
INSERT INTO fact2 (fact2_id, people_count, birthplace_id, time_id)
VALUES (97, 3266, 12, 17);
INSERT INTO fact2 (fact2_id, people_count, birthplace_id, time_id)
VALUES (98, 9348, 12, 18);
INSERT INTO fact2 (fact2_id, people_count, birthplace_id, time_id)
VALUES (99, 9085, 12, 19);
INSERT INTO fact2 (fact2_id, people_count, birthplace_id, time_id)
VALUES (100, 2489, 12, 20);
INSERT INTO fact2 (fact2_id, people_count, birthplace_id, time_id)
VALUES (101, 1771, 14, 1);
INSERT INTO fact2 (fact2_id, people_count, birthplace_id, time_id)
VALUES (102, 2796, 14, 2);
INSERT INTO fact2 (fact2_id, people_count, birthplace_id, time_id)
VALUES (103, 3504, 14, 3);
INSERT INTO fact2 (fact2_id, people_count, birthplace_id, time_id)
VALUES (104, 3621, 14, 4);
INSERT INTO fact2 (fact2_id, people_count, birthplace_id, time_id)
VALUES (105, 7916, 14, 5);
INSERT INTO fact2 (fact2_id, people_count, birthplace_id, time_id)
VALUES (106, 2040, 14, 6);
INSERT INTO fact2 (fact2_id, people_count, birthplace_id, time_id)
VALUES (107, 7304, 14, 7);
INSERT INTO fact2 (fact2_id, people_count, birthplace_id, time_id)
VALUES (108, 7252, 14, 8);
INSERT INTO fact2 (fact2_id, people_count, birthplace_id, time_id)
VALUES (109, 8668, 14, 9);
INSERT INTO fact2 (fact2_id, people_count, birthplace_id, time_id)
VALUES (110, 9669, 14, 10);
INSERT INTO fact2 (fact2_id, people_count, birthplace_id, time_id)
VALUES (111, 5119, 14, 11);
INSERT INTO fact2 (fact2_id, people_count, birthplace_id, time_id)
VALUES (112, 1188, 14, 12);
INSERT INTO fact2 (fact2_id, people_count, birthplace_id, time_id)
VALUES (113, 2876, 14, 13);
INSERT INTO fact2 (fact2_id, people_count, birthplace_id, time_id)
VALUES (114, 9797, 14, 14);
INSERT INTO fact2 (fact2_id, people_count, birthplace_id, time_id)
VALUES (115, 5371, 14, 15);
INSERT INTO fact2 (fact2_id, people_count, birthplace_id, time_id)
VALUES (116, 6573, 14, 16);
INSERT INTO fact2 (fact2_id, people_count, birthplace_id, time_id)
VALUES (117, 2827, 14, 17);
INSERT INTO fact2 (fact2_id, people_count, birthplace_id, time_id)
VALUES (118, 5808, 14, 18);
INSERT INTO fact2 (fact2_id, people_count, birthplace_id, time_id)
VALUES (119, 8123, 14, 19);
INSERT INTO fact2 (fact2_id, people_count, birthplace_id, time_id)
VALUES (120, 3591, 14, 20);
INSERT INTO fact2 (fact2_id, people_count, birthplace_id, time_id)
VALUES (121, 8433, 16, 1);
INSERT INTO fact2 (fact2_id, people_count, birthplace_id, time_id)
VALUES (122, 1053, 16, 2);
INSERT INTO fact2 (fact2_id, people_count, birthplace_id, time_id)
VALUES (123, 5315, 16, 3);
INSERT INTO fact2 (fact2_id, people_count, birthplace_id, time_id)
VALUES (124, 9201, 16, 4);
INSERT INTO fact2 (fact2_id, people_count, birthplace_id, time_id)
VALUES (125, 3927, 16, 5);
INSERT INTO fact2 (fact2_id, people_count, birthplace_id, time_id)
VALUES (126, 9317, 16, 6);
INSERT INTO fact2 (fact2_id, people_count, birthplace_id, time_id)
VALUES (127, 2743, 16, 7);
INSERT INTO fact2 (fact2_id, people_count, birthplace_id, time_id)
VALUES (128, 5889, 16, 8);
INSERT INTO fact2 (fact2_id, people_count, birthplace_id, time_id)
VALUES (129, 9317, 16, 9);
INSERT INTO fact2 (fact2_id, people_count, birthplace_id, time_id)
VALUES (130, 4258, 16, 10);
INSERT INTO fact2 (fact2_id, people_count, birthplace_id, time_id)
VALUES (131, 3504, 16, 11);
INSERT INTO fact2 (fact2_id, people_count, birthplace_id, time_id)
VALUES (132, 7126, 16, 12);
INSERT INTO fact2 (fact2_id, people_count, birthplace_id, time_id)
VALUES (133, 3646, 16, 13);
INSERT INTO fact2 (fact2_id, people_count, birthplace_id, time_id)
VALUES (134, 9837, 16, 14);
INSERT INTO fact2 (fact2_id, people_count, birthplace_id, time_id)
VALUES (135, 9689, 16, 15);
INSERT INTO fact2 (fact2_id, people_count, birthplace_id, time_id)
VALUES (136, 1009, 16, 16);
INSERT INTO fact2 (fact2_id, people_count, birthplace_id, time_id)
VALUES (137, 6310, 16, 17);
INSERT INTO fact2 (fact2_id, people_count, birthplace_id, time_id)
VALUES (138, 9005, 16, 18);
INSERT INTO fact2 (fact2_id, people_count, birthplace_id, time_id)
VALUES (139, 1319, 16, 19);
INSERT INTO fact2 (fact2_id, people_count, birthplace_id, time_id)
VALUES (140, 2832, 16, 20);
INSERT INTO fact2 (fact2_id, people_count, birthplace_id, time_id)
VALUES (141, 6947, 19, 1);
INSERT INTO fact2 (fact2_id, people_count, birthplace_id, time_id)
VALUES (142, 6038, 19, 2);
INSERT INTO fact2 (fact2_id, people_count, birthplace_id, time_id)
VALUES (143, 4923, 19, 3);
INSERT INTO fact2 (fact2_id, people_count, birthplace_id, time_id)
VALUES (144, 1949, 19, 4);
INSERT INTO fact2 (fact2_id, people_count, birthplace_id, time_id)
VALUES (145, 4946, 19, 5);
INSERT INTO fact2 (fact2_id, people_count, birthplace_id, time_id)
VALUES (146, 2290, 19, 6);
INSERT INTO fact2 (fact2_id, people_count, birthplace_id, time_id)
VALUES (147, 2403, 19, 7);
INSERT INTO fact2 (fact2_id, people_count, birthplace_id, time_id)
VALUES (148, 8962, 19, 8);
INSERT INTO fact2 (fact2_id, people_count, birthplace_id, time_id)
VALUES (149, 2133, 19, 9);
INSERT INTO fact2 (fact2_id, people_count, birthplace_id, time_id)
VALUES (150, 9727, 19, 10);
INSERT INTO fact2 (fact2_id, people_count, birthplace_id, time_id)
VALUES (151, 3060, 19, 11);
INSERT INTO fact2 (fact2_id, people_count, birthplace_id, time_id)
VALUES (152, 3103, 19, 12);
INSERT INTO fact2 (fact2_id, people_count, birthplace_id, time_id)
VALUES (153, 8787, 19, 13);
INSERT INTO fact2 (fact2_id, people_count, birthplace_id, time_id)
VALUES (154, 3705, 19, 14);
INSERT INTO fact2 (fact2_id, people_count, birthplace_id, time_id)
VALUES (155, 5342, 19, 15);
INSERT INTO fact2 (fact2_id, people_count, birthplace_id, time_id)
VALUES (156, 9645, 19, 16);
INSERT INTO fact2 (fact2_id, people_count, birthplace_id, time_id)
VALUES (157, 7932, 19, 17);
INSERT INTO fact2 (fact2_id, people_count, birthplace_id, time_id)
VALUES (158, 4470, 19, 18);
INSERT INTO fact2 (fact2_id, people_count, birthplace_id, time_id)
VALUES (159, 9835, 19, 19);
INSERT INTO fact2 (fact2_id, people_count, birthplace_id, time_id)
VALUES (160, 4295, 19, 20);
INSERT INTO fact2 (fact2_id, people_count, birthplace_id, time_id)
VALUES (161, 6107, 21, 1);
INSERT INTO fact2 (fact2_id, people_count, birthplace_id, time_id)
VALUES (162, 7537, 21, 2);
INSERT INTO fact2 (fact2_id, people_count, birthplace_id, time_id)
VALUES (163, 7118, 21, 3);
INSERT INTO fact2 (fact2_id, people_count, birthplace_id, time_id)
VALUES (164, 8177, 21, 4);
INSERT INTO fact2 (fact2_id, people_count, birthplace_id, time_id)
VALUES (165, 9479, 21, 5);
INSERT INTO fact2 (fact2_id, people_count, birthplace_id, time_id)
VALUES (166, 8397, 21, 6);
INSERT INTO fact2 (fact2_id, people_count, birthplace_id, time_id)
VALUES (167, 2982, 21, 7);
INSERT INTO fact2 (fact2_id, people_count, birthplace_id, time_id)
VALUES (168, 5061, 21, 8);
INSERT INTO fact2 (fact2_id, people_count, birthplace_id, time_id)
VALUES (169, 4681, 21, 9);
INSERT INTO fact2 (fact2_id, people_count, birthplace_id, time_id)
VALUES (170, 2049, 21, 10);
INSERT INTO fact2 (fact2_id, people_count, birthplace_id, time_id)
VALUES (171, 6539, 21, 11);
INSERT INTO fact2 (fact2_id, people_count, birthplace_id, time_id)
VALUES (172, 1344, 21, 12);
INSERT INTO fact2 (fact2_id, people_count, birthplace_id, time_id)
VALUES (173, 4770, 21, 13);
INSERT INTO fact2 (fact2_id, people_count, birthplace_id, time_id)
VALUES (174, 4608, 21, 14);
INSERT INTO fact2 (fact2_id, people_count, birthplace_id, time_id)
VALUES (175, 1117, 21, 15);
INSERT INTO fact2 (fact2_id, people_count, birthplace_id, time_id)
VALUES (176, 2163, 21, 16);
INSERT INTO fact2 (fact2_id, people_count, birthplace_id, time_id)
VALUES (177, 1964, 21, 17);
INSERT INTO fact2 (fact2_id, people_count, birthplace_id, time_id)
VALUES (178, 4750, 21, 18);
INSERT INTO fact2 (fact2_id, people_count, birthplace_id, time_id)
VALUES (179, 2104, 21, 19);
INSERT INTO fact2 (fact2_id, people_count, birthplace_id, time_id)
VALUES (180, 1514, 21, 20);
INSERT INTO fact2 (fact2_id, people_count, birthplace_id, time_id)
VALUES (181, 6413, 23, 1);
INSERT INTO fact2 (fact2_id, people_count, birthplace_id, time_id)
VALUES (182, 2160, 23, 2);
INSERT INTO fact2 (fact2_id, people_count, birthplace_id, time_id)
VALUES (183, 9423, 23, 3);
INSERT INTO fact2 (fact2_id, people_count, birthplace_id, time_id)
VALUES (184, 4899, 23, 4);
INSERT INTO fact2 (fact2_id, people_count, birthplace_id, time_id)
VALUES (185, 5562, 23, 5);
INSERT INTO fact2 (fact2_id, people_count, birthplace_id, time_id)
VALUES (186, 8953, 23, 6);
INSERT INTO fact2 (fact2_id, people_count, birthplace_id, time_id)
VALUES (187, 4510, 23, 7);
INSERT INTO fact2 (fact2_id, people_count, birthplace_id, time_id)
VALUES (188, 9834, 23, 8);
INSERT INTO fact2 (fact2_id, people_count, birthplace_id, time_id)
VALUES (189, 3167, 23, 9);
INSERT INTO fact2 (fact2_id, people_count, birthplace_id, time_id)
VALUES (190, 8744, 23, 10);
INSERT INTO fact2 (fact2_id, people_count, birthplace_id, time_id)
VALUES (191, 4981, 23, 11);
INSERT INTO fact2 (fact2_id, people_count, birthplace_id, time_id)
VALUES (192, 8749, 23, 12);
INSERT INTO fact2 (fact2_id, people_count, birthplace_id, time_id)
VALUES (193, 7669, 23, 13);
INSERT INTO fact2 (fact2_id, people_count, birthplace_id, time_id)
VALUES (194, 4119, 23, 14);
INSERT INTO fact2 (fact2_id, people_count, birthplace_id, time_id)
VALUES (195, 2545, 23, 15);
INSERT INTO fact2 (fact2_id, people_count, birthplace_id, time_id)
VALUES (196, 2588, 23, 16);
INSERT INTO fact2 (fact2_id, people_count, birthplace_id, time_id)
VALUES (197, 8062, 23, 17);
INSERT INTO fact2 (fact2_id, people_count, birthplace_id, time_id)
VALUES (198, 6804, 23, 18);
INSERT INTO fact2 (fact2_id, people_count, birthplace_id, time_id)
VALUES (199, 7939, 23, 19);
INSERT INTO fact2 (fact2_id, people_count, birthplace_id, time_id)
VALUES (200, 7735, 23, 20);
INSERT INTO fact2 (fact2_id, people_count, birthplace_id, time_id)
VALUES (201, 8651, 27, 1);
INSERT INTO fact2 (fact2_id, people_count, birthplace_id, time_id)
VALUES (202, 1887, 27, 2);
INSERT INTO fact2 (fact2_id, people_count, birthplace_id, time_id)
VALUES (203, 2612, 27, 3);
INSERT INTO fact2 (fact2_id, people_count, birthplace_id, time_id)
VALUES (204, 1993, 27, 4);
INSERT INTO fact2 (fact2_id, people_count, birthplace_id, time_id)
VALUES (205, 7596, 27, 5);
INSERT INTO fact2 (fact2_id, people_count, birthplace_id, time_id)
VALUES (206, 6559, 27, 6);
INSERT INTO fact2 (fact2_id, people_count, birthplace_id, time_id)
VALUES (207, 2790, 27, 7);
INSERT INTO fact2 (fact2_id, people_count, birthplace_id, time_id)
VALUES (208, 5073, 27, 8);
INSERT INTO fact2 (fact2_id, people_count, birthplace_id, time_id)
VALUES (209, 4139, 27, 9);
INSERT INTO fact2 (fact2_id, people_count, birthplace_id, time_id)
VALUES (210, 4116, 27, 10);
INSERT INTO fact2 (fact2_id, people_count, birthplace_id, time_id)
VALUES (211, 9786, 27, 11);
INSERT INTO fact2 (fact2_id, people_count, birthplace_id, time_id)
VALUES (212, 8350, 27, 12);
INSERT INTO fact2 (fact2_id, people_count, birthplace_id, time_id)
VALUES (213, 3296, 27, 13);
INSERT INTO fact2 (fact2_id, people_count, birthplace_id, time_id)
VALUES (214, 7912, 27, 14);
INSERT INTO fact2 (fact2_id, people_count, birthplace_id, time_id)
VALUES (215, 4006, 27, 15);
INSERT INTO fact2 (fact2_id, people_count, birthplace_id, time_id)
VALUES (216, 5563, 27, 16);
INSERT INTO fact2 (fact2_id, people_count, birthplace_id, time_id)
VALUES (217, 8579, 27, 17);
INSERT INTO fact2 (fact2_id, people_count, birthplace_id, time_id)
VALUES (218, 5092, 27, 18);
INSERT INTO fact2 (fact2_id, people_count, birthplace_id, time_id)
VALUES (219, 2235, 27, 19);
INSERT INTO fact2 (fact2_id, people_count, birthplace_id, time_id)
VALUES (220, 8260, 27, 20);
INSERT INTO fact2 (fact2_id, people_count, birthplace_id, time_id)
VALUES (221, 2604, 29, 1);
INSERT INTO fact2 (fact2_id, people_count, birthplace_id, time_id)
VALUES (222, 1828, 29, 2);
INSERT INTO fact2 (fact2_id, people_count, birthplace_id, time_id)
VALUES (223, 9856, 29, 3);
INSERT INTO fact2 (fact2_id, people_count, birthplace_id, time_id)
VALUES (224, 1241, 29, 4);
INSERT INTO fact2 (fact2_id, people_count, birthplace_id, time_id)
VALUES (225, 2528, 29, 5);
INSERT INTO fact2 (fact2_id, people_count, birthplace_id, time_id)
VALUES (226, 4872, 29, 6);
INSERT INTO fact2 (fact2_id, people_count, birthplace_id, time_id)
VALUES (227, 3724, 29, 7);
INSERT INTO fact2 (fact2_id, people_count, birthplace_id, time_id)
VALUES (228, 7658, 29, 8);
INSERT INTO fact2 (fact2_id, people_count, birthplace_id, time_id)
VALUES (229, 8956, 29, 9);
INSERT INTO fact2 (fact2_id, people_count, birthplace_id, time_id)
VALUES (230, 8886, 29, 10);
INSERT INTO fact2 (fact2_id, people_count, birthplace_id, time_id)
VALUES (231, 4502, 29, 11);
INSERT INTO fact2 (fact2_id, people_count, birthplace_id, time_id)
VALUES (232, 7570, 29, 12);
INSERT INTO fact2 (fact2_id, people_count, birthplace_id, time_id)
VALUES (233, 1960, 29, 13);
INSERT INTO fact2 (fact2_id, people_count, birthplace_id, time_id)
VALUES (234, 3697, 29, 14);
INSERT INTO fact2 (fact2_id, people_count, birthplace_id, time_id)
VALUES (235, 7209, 29, 15);
INSERT INTO fact2 (fact2_id, people_count, birthplace_id, time_id)
VALUES (236, 1035, 29, 16);
INSERT INTO fact2 (fact2_id, people_count, birthplace_id, time_id)
VALUES (237, 7396, 29, 17);
INSERT INTO fact2 (fact2_id, people_count, birthplace_id, time_id)
VALUES (238, 5345, 29, 18);
INSERT INTO fact2 (fact2_id, people_count, birthplace_id, time_id)
VALUES (239, 8454, 29, 19);
INSERT INTO fact2 (fact2_id, people_count, birthplace_id, time_id)
VALUES (240, 5673, 29, 20);
INSERT INTO fact2 (fact2_id, people_count, birthplace_id, time_id)
VALUES (241, 7930, 31, 1);
INSERT INTO fact2 (fact2_id, people_count, birthplace_id, time_id)
VALUES (242, 8973, 31, 2);
INSERT INTO fact2 (fact2_id, people_count, birthplace_id, time_id)
VALUES (243, 3536, 31, 3);
INSERT INTO fact2 (fact2_id, people_count, birthplace_id, time_id)
VALUES (244, 4111, 31, 4);
INSERT INTO fact2 (fact2_id, people_count, birthplace_id, time_id)
VALUES (245, 5861, 31, 5);
INSERT INTO fact2 (fact2_id, people_count, birthplace_id, time_id)
VALUES (246, 4566, 31, 6);
INSERT INTO fact2 (fact2_id, people_count, birthplace_id, time_id)
VALUES (247, 1958, 31, 7);
INSERT INTO fact2 (fact2_id, people_count, birthplace_id, time_id)
VALUES (248, 9883, 31, 8);
INSERT INTO fact2 (fact2_id, people_count, birthplace_id, time_id)
VALUES (249, 1998, 31, 9);
INSERT INTO fact2 (fact2_id, people_count, birthplace_id, time_id)
VALUES (250, 6138, 31, 10);
INSERT INTO fact2 (fact2_id, people_count, birthplace_id, time_id)
VALUES (251, 1936, 31, 11);
INSERT INTO fact2 (fact2_id, people_count, birthplace_id, time_id)
VALUES (252, 1821, 31, 12);
INSERT INTO fact2 (fact2_id, people_count, birthplace_id, time_id)
VALUES (253, 8811, 31, 13);
INSERT INTO fact2 (fact2_id, people_count, birthplace_id, time_id)
VALUES (254, 9238, 31, 14);
INSERT INTO fact2 (fact2_id, people_count, birthplace_id, time_id)
VALUES (255, 9701, 31, 15);
INSERT INTO fact2 (fact2_id, people_count, birthplace_id, time_id)
VALUES (256, 3579, 31, 16);
INSERT INTO fact2 (fact2_id, people_count, birthplace_id, time_id)
VALUES (257, 1931, 31, 17);
INSERT INTO fact2 (fact2_id, people_count, birthplace_id, time_id)
VALUES (258, 9320, 31, 18);
INSERT INTO fact2 (fact2_id, people_count, birthplace_id, time_id)
VALUES (259, 2312, 31, 19);
INSERT INTO fact2 (fact2_id, people_count, birthplace_id, time_id)
VALUES (260, 4044, 31, 20);
INSERT INTO fact2 (fact2_id, people_count, birthplace_id, time_id)
VALUES (261, 2122, 34, 1);
INSERT INTO fact2 (fact2_id, people_count, birthplace_id, time_id)
VALUES (262, 2113, 34, 2);
INSERT INTO fact2 (fact2_id, people_count, birthplace_id, time_id)
VALUES (263, 4853, 34, 3);
INSERT INTO fact2 (fact2_id, people_count, birthplace_id, time_id)
VALUES (264, 7615, 34, 4);
INSERT INTO fact2 (fact2_id, people_count, birthplace_id, time_id)
VALUES (265, 2964, 34, 5);
INSERT INTO fact2 (fact2_id, people_count, birthplace_id, time_id)
VALUES (266, 5033, 34, 6);
INSERT INTO fact2 (fact2_id, people_count, birthplace_id, time_id)
VALUES (267, 1651, 34, 7);
INSERT INTO fact2 (fact2_id, people_count, birthplace_id, time_id)
VALUES (268, 2343, 34, 8);
INSERT INTO fact2 (fact2_id, people_count, birthplace_id, time_id)
VALUES (269, 7868, 34, 9);
INSERT INTO fact2 (fact2_id, people_count, birthplace_id, time_id)
VALUES (270, 9565, 34, 10);
INSERT INTO fact2 (fact2_id, people_count, birthplace_id, time_id)
VALUES (271, 6183, 34, 11);
INSERT INTO fact2 (fact2_id, people_count, birthplace_id, time_id)
VALUES (272, 5272, 34, 12);
INSERT INTO fact2 (fact2_id, people_count, birthplace_id, time_id)
VALUES (273, 4346, 34, 13);
INSERT INTO fact2 (fact2_id, people_count, birthplace_id, time_id)
VALUES (274, 6147, 34, 14);
INSERT INTO fact2 (fact2_id, people_count, birthplace_id, time_id)
VALUES (275, 4910, 34, 15);
INSERT INTO fact2 (fact2_id, people_count, birthplace_id, time_id)
VALUES (276, 5351, 34, 16);
INSERT INTO fact2 (fact2_id, people_count, birthplace_id, time_id)
VALUES (277, 7484, 34, 17);
INSERT INTO fact2 (fact2_id, people_count, birthplace_id, time_id)
VALUES (278, 3144, 34, 18);
INSERT INTO fact2 (fact2_id, people_count, birthplace_id, time_id)
VALUES (279, 5915, 34, 19);
INSERT INTO fact2 (fact2_id, people_count, birthplace_id, time_id)
VALUES (280, 8491, 34, 20);
INSERT INTO fact2 (fact2_id, people_count, birthplace_id, time_id)
VALUES (281, 6180, 36, 1);
INSERT INTO fact2 (fact2_id, people_count, birthplace_id, time_id)
VALUES (282, 2188, 36, 2);
INSERT INTO fact2 (fact2_id, people_count, birthplace_id, time_id)
VALUES (283, 1152, 36, 3);
INSERT INTO fact2 (fact2_id, people_count, birthplace_id, time_id)
VALUES (284, 8508, 36, 4);
INSERT INTO fact2 (fact2_id, people_count, birthplace_id, time_id)
VALUES (285, 2638, 36, 5);
INSERT INTO fact2 (fact2_id, people_count, birthplace_id, time_id)
VALUES (286, 2200, 36, 6);
INSERT INTO fact2 (fact2_id, people_count, birthplace_id, time_id)
VALUES (287, 9808, 36, 7);
INSERT INTO fact2 (fact2_id, people_count, birthplace_id, time_id)
VALUES (288, 4492, 36, 8);
INSERT INTO fact2 (fact2_id, people_count, birthplace_id, time_id)
VALUES (289, 9288, 36, 9);
INSERT INTO fact2 (fact2_id, people_count, birthplace_id, time_id)
VALUES (290, 5345, 36, 10);
INSERT INTO fact2 (fact2_id, people_count, birthplace_id, time_id)
VALUES (291, 3170, 36, 11);
INSERT INTO fact2 (fact2_id, people_count, birthplace_id, time_id)
VALUES (292, 6718, 36, 12);
INSERT INTO fact2 (fact2_id, people_count, birthplace_id, time_id)
VALUES (293, 2127, 36, 13);
INSERT INTO fact2 (fact2_id, people_count, birthplace_id, time_id)
VALUES (294, 5002, 36, 14);
INSERT INTO fact2 (fact2_id, people_count, birthplace_id, time_id)
VALUES (295, 7054, 36, 15);
INSERT INTO fact2 (fact2_id, people_count, birthplace_id, time_id)
VALUES (296, 5669, 36, 16);
INSERT INTO fact2 (fact2_id, people_count, birthplace_id, time_id)
VALUES (297, 3584, 36, 17);
INSERT INTO fact2 (fact2_id, people_count, birthplace_id, time_id)
VALUES (298, 8179, 36, 18);
INSERT INTO fact2 (fact2_id, people_count, birthplace_id, time_id)
VALUES (299, 9900, 36, 19);
INSERT INTO fact2 (fact2_id, people_count, birthplace_id, time_id)
VALUES (300, 5956, 36, 20);
INSERT INTO fact2 (fact2_id, people_count, birthplace_id, time_id)
VALUES (301, 9666, 38, 1);
INSERT INTO fact2 (fact2_id, people_count, birthplace_id, time_id)
VALUES (302, 1128, 38, 2);
INSERT INTO fact2 (fact2_id, people_count, birthplace_id, time_id)
VALUES (303, 5905, 38, 3);
INSERT INTO fact2 (fact2_id, people_count, birthplace_id, time_id)
VALUES (304, 2697, 38, 4);
INSERT INTO fact2 (fact2_id, people_count, birthplace_id, time_id)
VALUES (305, 3200, 38, 5);
INSERT INTO fact2 (fact2_id, people_count, birthplace_id, time_id)
VALUES (306, 5333, 38, 6);
INSERT INTO fact2 (fact2_id, people_count, birthplace_id, time_id)
VALUES (307, 2891, 38, 7);
INSERT INTO fact2 (fact2_id, people_count, birthplace_id, time_id)
VALUES (308, 2753, 38, 8);
INSERT INTO fact2 (fact2_id, people_count, birthplace_id, time_id)
VALUES (309, 3546, 38, 9);
INSERT INTO fact2 (fact2_id, people_count, birthplace_id, time_id)
VALUES (310, 5462, 38, 10);
INSERT INTO fact2 (fact2_id, people_count, birthplace_id, time_id)
VALUES (311, 5616, 38, 11);
INSERT INTO fact2 (fact2_id, people_count, birthplace_id, time_id)
VALUES (312, 4450, 38, 12);
INSERT INTO fact2 (fact2_id, people_count, birthplace_id, time_id)
VALUES (313, 6617, 38, 13);
INSERT INTO fact2 (fact2_id, people_count, birthplace_id, time_id)
VALUES (314, 4335, 38, 14);
INSERT INTO fact2 (fact2_id, people_count, birthplace_id, time_id)
VALUES (315, 5325, 38, 15);
INSERT INTO fact2 (fact2_id, people_count, birthplace_id, time_id)
VALUES (316, 9280, 38, 16);
INSERT INTO fact2 (fact2_id, people_count, birthplace_id, time_id)
VALUES (317, 9004, 38, 17);
INSERT INTO fact2 (fact2_id, people_count, birthplace_id, time_id)
VALUES (318, 5114, 38, 18);
INSERT INTO fact2 (fact2_id, people_count, birthplace_id, time_id)
VALUES (319, 1832, 38, 19);
INSERT INTO fact2 (fact2_id, people_count, birthplace_id, time_id)
VALUES (320, 2512, 38, 20);

INSERT INTO publishers (publisher_id, country_key, country_name, city_key, city_name, publisher_key, publisher_name)
VALUES (3, 1, 'Russia', 2, 'Vologda', 4, 'Eksmo');
INSERT INTO publishers (publisher_id, country_key, country_name, city_key, city_name, publisher_key, publisher_name)
VALUES (5, 1, 'Russia', 2, 'Vologda', 6, 'AST');
INSERT INTO publishers (publisher_id, country_key, country_name, city_key, city_name, publisher_key, publisher_name)
VALUES (8, 1, 'Russia', 7, 'Yaroslavl', 9, 'ROSMAN');
INSERT INTO publishers (publisher_id, country_key, country_name, city_key, city_name, publisher_key, publisher_name)
VALUES (10, 1, 'Russia', 7, 'Yaroslavl', 11, 'ALFA');
INSERT INTO publishers (publisher_id, country_key, country_name, city_key, city_name, publisher_key, publisher_name)
VALUES (13, 1, 'Russia', 12, 'Krasnoyarsk', 14, 'OLMA');
INSERT INTO publishers (publisher_id, country_key, country_name, city_key, city_name, publisher_key, publisher_name)
VALUES (17, 15, 'Belarus', 16, 'Gomel', 18, 'CENTRPOLIGRAF');
INSERT INTO publishers (publisher_id, country_key, country_name, city_key, city_name, publisher_key, publisher_name)
VALUES (19, 15, 'Belarus', 16, 'Gomel', 20, 'AZBUKA');
INSERT INTO publishers (publisher_id, country_key, country_name, city_key, city_name, publisher_key, publisher_name)
VALUES (22, 15, 'Belarus', 21, 'Minsk', 23, 'ATTIKUS');

INSERT INTO fact3 (fact3_id, people_count, publisher_id, time_id)
VALUES (1, 749, 3, 1);
INSERT INTO fact3 (fact3_id, people_count, publisher_id, time_id)
VALUES (2, 533, 3, 2);
INSERT INTO fact3 (fact3_id, people_count, publisher_id, time_id)
VALUES (3, 949, 3, 3);
INSERT INTO fact3 (fact3_id, people_count, publisher_id, time_id)
VALUES (4, 383, 3, 4);
INSERT INTO fact3 (fact3_id, people_count, publisher_id, time_id)
VALUES (5, 145, 3, 5);
INSERT INTO fact3 (fact3_id, people_count, publisher_id, time_id)
VALUES (6, 103, 3, 6);
INSERT INTO fact3 (fact3_id, people_count, publisher_id, time_id)
VALUES (7, 441, 3, 7);
INSERT INTO fact3 (fact3_id, people_count, publisher_id, time_id)
VALUES (8, 889, 3, 8);
INSERT INTO fact3 (fact3_id, people_count, publisher_id, time_id)
VALUES (9, 233, 3, 9);
INSERT INTO fact3 (fact3_id, people_count, publisher_id, time_id)
VALUES (10, 752, 3, 10);
INSERT INTO fact3 (fact3_id, people_count, publisher_id, time_id)
VALUES (11, 368, 3, 11);
INSERT INTO fact3 (fact3_id, people_count, publisher_id, time_id)
VALUES (12, 265, 3, 12);
INSERT INTO fact3 (fact3_id, people_count, publisher_id, time_id)
VALUES (13, 859, 3, 13);
INSERT INTO fact3 (fact3_id, people_count, publisher_id, time_id)
VALUES (14, 552, 3, 14);
INSERT INTO fact3 (fact3_id, people_count, publisher_id, time_id)
VALUES (15, 664, 3, 15);
INSERT INTO fact3 (fact3_id, people_count, publisher_id, time_id)
VALUES (16, 822, 3, 16);
INSERT INTO fact3 (fact3_id, people_count, publisher_id, time_id)
VALUES (17, 537, 3, 17);
INSERT INTO fact3 (fact3_id, people_count, publisher_id, time_id)
VALUES (18, 674, 3, 18);
INSERT INTO fact3 (fact3_id, people_count, publisher_id, time_id)
VALUES (19, 109, 3, 19);
INSERT INTO fact3 (fact3_id, people_count, publisher_id, time_id)
VALUES (20, 214, 3, 20);
INSERT INTO fact3 (fact3_id, people_count, publisher_id, time_id)
VALUES (21, 177, 5, 1);
INSERT INTO fact3 (fact3_id, people_count, publisher_id, time_id)
VALUES (22, 807, 5, 2);
INSERT INTO fact3 (fact3_id, people_count, publisher_id, time_id)
VALUES (23, 252, 5, 3);
INSERT INTO fact3 (fact3_id, people_count, publisher_id, time_id)
VALUES (24, 658, 5, 4);
INSERT INTO fact3 (fact3_id, people_count, publisher_id, time_id)
VALUES (25, 136, 5, 5);
INSERT INTO fact3 (fact3_id, people_count, publisher_id, time_id)
VALUES (26, 954, 5, 6);
INSERT INTO fact3 (fact3_id, people_count, publisher_id, time_id)
VALUES (27, 478, 5, 7);
INSERT INTO fact3 (fact3_id, people_count, publisher_id, time_id)
VALUES (28, 696, 5, 8);
INSERT INTO fact3 (fact3_id, people_count, publisher_id, time_id)
VALUES (29, 665, 5, 9);
INSERT INTO fact3 (fact3_id, people_count, publisher_id, time_id)
VALUES (30, 251, 5, 10);
INSERT INTO fact3 (fact3_id, people_count, publisher_id, time_id)
VALUES (31, 540, 5, 11);
INSERT INTO fact3 (fact3_id, people_count, publisher_id, time_id)
VALUES (32, 230, 5, 12);
INSERT INTO fact3 (fact3_id, people_count, publisher_id, time_id)
VALUES (33, 142, 5, 13);
INSERT INTO fact3 (fact3_id, people_count, publisher_id, time_id)
VALUES (34, 415, 5, 14);
INSERT INTO fact3 (fact3_id, people_count, publisher_id, time_id)
VALUES (35, 473, 5, 15);
INSERT INTO fact3 (fact3_id, people_count, publisher_id, time_id)
VALUES (36, 915, 5, 16);
INSERT INTO fact3 (fact3_id, people_count, publisher_id, time_id)
VALUES (37, 981, 5, 17);
INSERT INTO fact3 (fact3_id, people_count, publisher_id, time_id)
VALUES (38, 140, 5, 18);
INSERT INTO fact3 (fact3_id, people_count, publisher_id, time_id)
VALUES (39, 466, 5, 19);
INSERT INTO fact3 (fact3_id, people_count, publisher_id, time_id)
VALUES (40, 315, 5, 20);
INSERT INTO fact3 (fact3_id, people_count, publisher_id, time_id)
VALUES (41, 798, 8, 1);
INSERT INTO fact3 (fact3_id, people_count, publisher_id, time_id)
VALUES (42, 355, 8, 2);
INSERT INTO fact3 (fact3_id, people_count, publisher_id, time_id)
VALUES (43, 782, 8, 3);
INSERT INTO fact3 (fact3_id, people_count, publisher_id, time_id)
VALUES (44, 205, 8, 4);
INSERT INTO fact3 (fact3_id, people_count, publisher_id, time_id)
VALUES (45, 462, 8, 5);
INSERT INTO fact3 (fact3_id, people_count, publisher_id, time_id)
VALUES (46, 898, 8, 6);
INSERT INTO fact3 (fact3_id, people_count, publisher_id, time_id)
VALUES (47, 673, 8, 7);
INSERT INTO fact3 (fact3_id, people_count, publisher_id, time_id)
VALUES (48, 995, 8, 8);
INSERT INTO fact3 (fact3_id, people_count, publisher_id, time_id)
VALUES (49, 516, 8, 9);
INSERT INTO fact3 (fact3_id, people_count, publisher_id, time_id)
VALUES (50, 735, 8, 10);
INSERT INTO fact3 (fact3_id, people_count, publisher_id, time_id)
VALUES (51, 867, 8, 11);
INSERT INTO fact3 (fact3_id, people_count, publisher_id, time_id)
VALUES (52, 258, 8, 12);
INSERT INTO fact3 (fact3_id, people_count, publisher_id, time_id)
VALUES (53, 342, 8, 13);
INSERT INTO fact3 (fact3_id, people_count, publisher_id, time_id)
VALUES (54, 985, 8, 14);
INSERT INTO fact3 (fact3_id, people_count, publisher_id, time_id)
VALUES (55, 266, 8, 15);
INSERT INTO fact3 (fact3_id, people_count, publisher_id, time_id)
VALUES (56, 919, 8, 16);
INSERT INTO fact3 (fact3_id, people_count, publisher_id, time_id)
VALUES (57, 930, 8, 17);
INSERT INTO fact3 (fact3_id, people_count, publisher_id, time_id)
VALUES (58, 281, 8, 18);
INSERT INTO fact3 (fact3_id, people_count, publisher_id, time_id)
VALUES (59, 522, 8, 19);
INSERT INTO fact3 (fact3_id, people_count, publisher_id, time_id)
VALUES (60, 125, 8, 20);
INSERT INTO fact3 (fact3_id, people_count, publisher_id, time_id)
VALUES (61, 283, 10, 1);
INSERT INTO fact3 (fact3_id, people_count, publisher_id, time_id)
VALUES (62, 854, 10, 2);
INSERT INTO fact3 (fact3_id, people_count, publisher_id, time_id)
VALUES (63, 440, 10, 3);
INSERT INTO fact3 (fact3_id, people_count, publisher_id, time_id)
VALUES (64, 901, 10, 4);
INSERT INTO fact3 (fact3_id, people_count, publisher_id, time_id)
VALUES (65, 521, 10, 5);
INSERT INTO fact3 (fact3_id, people_count, publisher_id, time_id)
VALUES (66, 921, 10, 6);
INSERT INTO fact3 (fact3_id, people_count, publisher_id, time_id)
VALUES (67, 785, 10, 7);
INSERT INTO fact3 (fact3_id, people_count, publisher_id, time_id)
VALUES (68, 984, 10, 8);
INSERT INTO fact3 (fact3_id, people_count, publisher_id, time_id)
VALUES (69, 852, 10, 9);
INSERT INTO fact3 (fact3_id, people_count, publisher_id, time_id)
VALUES (70, 930, 10, 10);
INSERT INTO fact3 (fact3_id, people_count, publisher_id, time_id)
VALUES (71, 354, 10, 11);
INSERT INTO fact3 (fact3_id, people_count, publisher_id, time_id)
VALUES (72, 373, 10, 12);
INSERT INTO fact3 (fact3_id, people_count, publisher_id, time_id)
VALUES (73, 263, 10, 13);
INSERT INTO fact3 (fact3_id, people_count, publisher_id, time_id)
VALUES (74, 906, 10, 14);
INSERT INTO fact3 (fact3_id, people_count, publisher_id, time_id)
VALUES (75, 818, 10, 15);
INSERT INTO fact3 (fact3_id, people_count, publisher_id, time_id)
VALUES (76, 210, 10, 16);
INSERT INTO fact3 (fact3_id, people_count, publisher_id, time_id)
VALUES (77, 491, 10, 17);
INSERT INTO fact3 (fact3_id, people_count, publisher_id, time_id)
VALUES (78, 993, 10, 18);
INSERT INTO fact3 (fact3_id, people_count, publisher_id, time_id)
VALUES (79, 139, 10, 19);
INSERT INTO fact3 (fact3_id, people_count, publisher_id, time_id)
VALUES (80, 979, 10, 20);
INSERT INTO fact3 (fact3_id, people_count, publisher_id, time_id)
VALUES (81, 581, 13, 1);
INSERT INTO fact3 (fact3_id, people_count, publisher_id, time_id)
VALUES (82, 327, 13, 2);
INSERT INTO fact3 (fact3_id, people_count, publisher_id, time_id)
VALUES (83, 304, 13, 3);
INSERT INTO fact3 (fact3_id, people_count, publisher_id, time_id)
VALUES (84, 936, 13, 4);
INSERT INTO fact3 (fact3_id, people_count, publisher_id, time_id)
VALUES (85, 571, 13, 5);
INSERT INTO fact3 (fact3_id, people_count, publisher_id, time_id)
VALUES (86, 458, 13, 6);
INSERT INTO fact3 (fact3_id, people_count, publisher_id, time_id)
VALUES (87, 412, 13, 7);
INSERT INTO fact3 (fact3_id, people_count, publisher_id, time_id)
VALUES (88, 940, 13, 8);
INSERT INTO fact3 (fact3_id, people_count, publisher_id, time_id)
VALUES (89, 914, 13, 9);
INSERT INTO fact3 (fact3_id, people_count, publisher_id, time_id)
VALUES (90, 992, 13, 10);
INSERT INTO fact3 (fact3_id, people_count, publisher_id, time_id)
VALUES (91, 333, 13, 11);
INSERT INTO fact3 (fact3_id, people_count, publisher_id, time_id)
VALUES (92, 328, 13, 12);
INSERT INTO fact3 (fact3_id, people_count, publisher_id, time_id)
VALUES (93, 124, 13, 13);
INSERT INTO fact3 (fact3_id, people_count, publisher_id, time_id)
VALUES (94, 775, 13, 14);
INSERT INTO fact3 (fact3_id, people_count, publisher_id, time_id)
VALUES (95, 297, 13, 15);
INSERT INTO fact3 (fact3_id, people_count, publisher_id, time_id)
VALUES (96, 508, 13, 16);
INSERT INTO fact3 (fact3_id, people_count, publisher_id, time_id)
VALUES (97, 436, 13, 17);
INSERT INTO fact3 (fact3_id, people_count, publisher_id, time_id)
VALUES (98, 385, 13, 18);
INSERT INTO fact3 (fact3_id, people_count, publisher_id, time_id)
VALUES (99, 985, 13, 19);
INSERT INTO fact3 (fact3_id, people_count, publisher_id, time_id)
VALUES (100, 171, 13, 20);
INSERT INTO fact3 (fact3_id, people_count, publisher_id, time_id)
VALUES (101, 891, 17, 1);
INSERT INTO fact3 (fact3_id, people_count, publisher_id, time_id)
VALUES (102, 385, 17, 2);
INSERT INTO fact3 (fact3_id, people_count, publisher_id, time_id)
VALUES (103, 459, 17, 3);
INSERT INTO fact3 (fact3_id, people_count, publisher_id, time_id)
VALUES (104, 756, 17, 4);
INSERT INTO fact3 (fact3_id, people_count, publisher_id, time_id)
VALUES (105, 621, 17, 5);
INSERT INTO fact3 (fact3_id, people_count, publisher_id, time_id)
VALUES (106, 509, 17, 6);
INSERT INTO fact3 (fact3_id, people_count, publisher_id, time_id)
VALUES (107, 795, 17, 7);
INSERT INTO fact3 (fact3_id, people_count, publisher_id, time_id)
VALUES (108, 963, 17, 8);
INSERT INTO fact3 (fact3_id, people_count, publisher_id, time_id)
VALUES (109, 649, 17, 9);
INSERT INTO fact3 (fact3_id, people_count, publisher_id, time_id)
VALUES (110, 439, 17, 10);
INSERT INTO fact3 (fact3_id, people_count, publisher_id, time_id)
VALUES (111, 128, 17, 11);
INSERT INTO fact3 (fact3_id, people_count, publisher_id, time_id)
VALUES (112, 218, 17, 12);
INSERT INTO fact3 (fact3_id, people_count, publisher_id, time_id)
VALUES (113, 998, 17, 13);
INSERT INTO fact3 (fact3_id, people_count, publisher_id, time_id)
VALUES (114, 367, 17, 14);
INSERT INTO fact3 (fact3_id, people_count, publisher_id, time_id)
VALUES (115, 282, 17, 15);
INSERT INTO fact3 (fact3_id, people_count, publisher_id, time_id)
VALUES (116, 694, 17, 16);
INSERT INTO fact3 (fact3_id, people_count, publisher_id, time_id)
VALUES (117, 371, 17, 17);
INSERT INTO fact3 (fact3_id, people_count, publisher_id, time_id)
VALUES (118, 139, 17, 18);
INSERT INTO fact3 (fact3_id, people_count, publisher_id, time_id)
VALUES (119, 211, 17, 19);
INSERT INTO fact3 (fact3_id, people_count, publisher_id, time_id)
VALUES (120, 710, 17, 20);
INSERT INTO fact3 (fact3_id, people_count, publisher_id, time_id)
VALUES (121, 544, 19, 1);
INSERT INTO fact3 (fact3_id, people_count, publisher_id, time_id)
VALUES (122, 453, 19, 2);
INSERT INTO fact3 (fact3_id, people_count, publisher_id, time_id)
VALUES (123, 846, 19, 3);
INSERT INTO fact3 (fact3_id, people_count, publisher_id, time_id)
VALUES (124, 905, 19, 4);
INSERT INTO fact3 (fact3_id, people_count, publisher_id, time_id)
VALUES (125, 421, 19, 5);
INSERT INTO fact3 (fact3_id, people_count, publisher_id, time_id)
VALUES (126, 546, 19, 6);
INSERT INTO fact3 (fact3_id, people_count, publisher_id, time_id)
VALUES (127, 720, 19, 7);
INSERT INTO fact3 (fact3_id, people_count, publisher_id, time_id)
VALUES (128, 623, 19, 8);
INSERT INTO fact3 (fact3_id, people_count, publisher_id, time_id)
VALUES (129, 218, 19, 9);
INSERT INTO fact3 (fact3_id, people_count, publisher_id, time_id)
VALUES (130, 494, 19, 10);
INSERT INTO fact3 (fact3_id, people_count, publisher_id, time_id)
VALUES (131, 690, 19, 11);
INSERT INTO fact3 (fact3_id, people_count, publisher_id, time_id)
VALUES (132, 294, 19, 12);
INSERT INTO fact3 (fact3_id, people_count, publisher_id, time_id)
VALUES (133, 360, 19, 13);
INSERT INTO fact3 (fact3_id, people_count, publisher_id, time_id)
VALUES (134, 145, 19, 14);
INSERT INTO fact3 (fact3_id, people_count, publisher_id, time_id)
VALUES (135, 825, 19, 15);
INSERT INTO fact3 (fact3_id, people_count, publisher_id, time_id)
VALUES (136, 546, 19, 16);
INSERT INTO fact3 (fact3_id, people_count, publisher_id, time_id)
VALUES (137, 101, 19, 17);
INSERT INTO fact3 (fact3_id, people_count, publisher_id, time_id)
VALUES (138, 632, 19, 18);
INSERT INTO fact3 (fact3_id, people_count, publisher_id, time_id)
VALUES (139, 925, 19, 19);
INSERT INTO fact3 (fact3_id, people_count, publisher_id, time_id)
VALUES (140, 651, 19, 20);
INSERT INTO fact3 (fact3_id, people_count, publisher_id, time_id)
VALUES (141, 803, 22, 1);
INSERT INTO fact3 (fact3_id, people_count, publisher_id, time_id)
VALUES (142, 836, 22, 2);
INSERT INTO fact3 (fact3_id, people_count, publisher_id, time_id)
VALUES (143, 859, 22, 3);
INSERT INTO fact3 (fact3_id, people_count, publisher_id, time_id)
VALUES (144, 854, 22, 4);
INSERT INTO fact3 (fact3_id, people_count, publisher_id, time_id)
VALUES (145, 786, 22, 5);
INSERT INTO fact3 (fact3_id, people_count, publisher_id, time_id)
VALUES (146, 301, 22, 6);
INSERT INTO fact3 (fact3_id, people_count, publisher_id, time_id)
VALUES (147, 472, 22, 7);
INSERT INTO fact3 (fact3_id, people_count, publisher_id, time_id)
VALUES (148, 541, 22, 8);
INSERT INTO fact3 (fact3_id, people_count, publisher_id, time_id)
VALUES (149, 171, 22, 9);
INSERT INTO fact3 (fact3_id, people_count, publisher_id, time_id)
VALUES (150, 780, 22, 10);
INSERT INTO fact3 (fact3_id, people_count, publisher_id, time_id)
VALUES (151, 438, 22, 11);
INSERT INTO fact3 (fact3_id, people_count, publisher_id, time_id)
VALUES (152, 738, 22, 12);
INSERT INTO fact3 (fact3_id, people_count, publisher_id, time_id)
VALUES (153, 421, 22, 13);
INSERT INTO fact3 (fact3_id, people_count, publisher_id, time_id)
VALUES (154, 779, 22, 14);
INSERT INTO fact3 (fact3_id, people_count, publisher_id, time_id)
VALUES (155, 968, 22, 15);
INSERT INTO fact3 (fact3_id, people_count, publisher_id, time_id)
VALUES (156, 227, 22, 16);
INSERT INTO fact3 (fact3_id, people_count, publisher_id, time_id)
VALUES (157, 837, 22, 17);
INSERT INTO fact3 (fact3_id, people_count, publisher_id, time_id)
VALUES (158, 407, 22, 18);
INSERT INTO fact3 (fact3_id, people_count, publisher_id, time_id)
VALUES (159, 619, 22, 19);
INSERT INTO fact3 (fact3_id, people_count, publisher_id, time_id)
VALUES (160, 416, 22, 20);

INSERT INTO campus (campus_id, address_key, address_name)
VALUES (1, 1, 'per. Vyazemskij, d. 5/7');
INSERT INTO campus (campus_id, address_key, address_name)
VALUES (2, 2, 'ul. Lensoveta, d. 23');
INSERT INTO campus (campus_id, address_key, address_name)
VALUES (3, 3, 'Alpijskij per., d.15');
INSERT INTO campus (campus_id, address_key, address_name)
VALUES (4, 4, 'ul. Belorusskaya, d. 6');
INSERT INTO campus (campus_id, address_key, address_name)
VALUES (5, 5, 'Novoizmajlovskij pr., 16');
INSERT INTO campus (campus_id, address_key, address_name)
VALUES (6, 6, 'ul. Vavilovyh, d. 12');

INSERT INTO fact4 (fact4_id, room_count, a_mark, a_b_mark, a_e_mark, debts_count, campus_id, time_id)
VALUES (1, 6, 518, 6344, 11592, 5844, 1, 1);
INSERT INTO fact4 (fact4_id, room_count, a_mark, a_b_mark, a_e_mark, debts_count, campus_id, time_id)
VALUES (2, 5, 230, 4143, 11888, 7211, 1, 2);
INSERT INTO fact4 (fact4_id, room_count, a_mark, a_b_mark, a_e_mark, debts_count, campus_id, time_id)
VALUES (3, 6, 866, 3851, 14324, 5930, 1, 3);
INSERT INTO fact4 (fact4_id, room_count, a_mark, a_b_mark, a_e_mark, debts_count, campus_id, time_id)
VALUES (4, 4, 661, 1006, 9978, 5700, 1, 4);
INSERT INTO fact4 (fact4_id, room_count, a_mark, a_b_mark, a_e_mark, debts_count, campus_id, time_id)
VALUES (5, 2, 540, 6279, 12618, 8238, 1, 5);
INSERT INTO fact4 (fact4_id, room_count, a_mark, a_b_mark, a_e_mark, debts_count, campus_id, time_id)
VALUES (6, 4, 791, 4501, 13375, 8752, 1, 6);
INSERT INTO fact4 (fact4_id, room_count, a_mark, a_b_mark, a_e_mark, debts_count, campus_id, time_id)
VALUES (7, 6, 273, 2389, 9649, 9445, 1, 7);
INSERT INTO fact4 (fact4_id, room_count, a_mark, a_b_mark, a_e_mark, debts_count, campus_id, time_id)
VALUES (8, 6, 748, 6491, 6530, 4848, 1, 8);
INSERT INTO fact4 (fact4_id, room_count, a_mark, a_b_mark, a_e_mark, debts_count, campus_id, time_id)
VALUES (9, 6, 417, 4680, 8262, 3414, 1, 9);
INSERT INTO fact4 (fact4_id, room_count, a_mark, a_b_mark, a_e_mark, debts_count, campus_id, time_id)
VALUES (10, 1, 147, 5011, 12784, 2193, 1, 10);
INSERT INTO fact4 (fact4_id, room_count, a_mark, a_b_mark, a_e_mark, debts_count, campus_id, time_id)
VALUES (11, 4, 524, 4185, 11291, 9099, 1, 11);
INSERT INTO fact4 (fact4_id, room_count, a_mark, a_b_mark, a_e_mark, debts_count, campus_id, time_id)
VALUES (12, 4, 349, 3417, 5090, 2746, 1, 12);
INSERT INTO fact4 (fact4_id, room_count, a_mark, a_b_mark, a_e_mark, debts_count, campus_id, time_id)
VALUES (13, 4, 324, 3881, 13486, 8611, 1, 13);
INSERT INTO fact4 (fact4_id, room_count, a_mark, a_b_mark, a_e_mark, debts_count, campus_id, time_id)
VALUES (14, 1, 670, 5082, 6988, 8478, 1, 14);
INSERT INTO fact4 (fact4_id, room_count, a_mark, a_b_mark, a_e_mark, debts_count, campus_id, time_id)
VALUES (15, 2, 920, 8612, 13702, 6198, 1, 15);
INSERT INTO fact4 (fact4_id, room_count, a_mark, a_b_mark, a_e_mark, debts_count, campus_id, time_id)
VALUES (16, 4, 727, 9270, 11991, 9976, 1, 16);
INSERT INTO fact4 (fact4_id, room_count, a_mark, a_b_mark, a_e_mark, debts_count, campus_id, time_id)
VALUES (17, 4, 262, 8777, 12373, 5246, 1, 17);
INSERT INTO fact4 (fact4_id, room_count, a_mark, a_b_mark, a_e_mark, debts_count, campus_id, time_id)
VALUES (18, 2, 960, 5543, 13540, 8939, 1, 18);
INSERT INTO fact4 (fact4_id, room_count, a_mark, a_b_mark, a_e_mark, debts_count, campus_id, time_id)
VALUES (19, 6, 344, 5499, 12206, 2269, 1, 19);
INSERT INTO fact4 (fact4_id, room_count, a_mark, a_b_mark, a_e_mark, debts_count, campus_id, time_id)
VALUES (20, 6, 392, 4841, 9451, 6502, 1, 20);
INSERT INTO fact4 (fact4_id, room_count, a_mark, a_b_mark, a_e_mark, debts_count, campus_id, time_id)
VALUES (21, 3, 653, 2320, 7267, 3471, 2, 1);
INSERT INTO fact4 (fact4_id, room_count, a_mark, a_b_mark, a_e_mark, debts_count, campus_id, time_id)
VALUES (22, 2, 492, 3503, 8505, 2052, 2, 2);
INSERT INTO fact4 (fact4_id, room_count, a_mark, a_b_mark, a_e_mark, debts_count, campus_id, time_id)
VALUES (23, 4, 517, 6421, 13890, 8633, 2, 3);
INSERT INTO fact4 (fact4_id, room_count, a_mark, a_b_mark, a_e_mark, debts_count, campus_id, time_id)
VALUES (24, 4, 163, 4388, 11883, 7381, 2, 4);
INSERT INTO fact4 (fact4_id, room_count, a_mark, a_b_mark, a_e_mark, debts_count, campus_id, time_id)
VALUES (25, 5, 812, 1320, 14432, 7232, 2, 5);
INSERT INTO fact4 (fact4_id, room_count, a_mark, a_b_mark, a_e_mark, debts_count, campus_id, time_id)
VALUES (26, 4, 106, 6763, 9892, 7389, 2, 6);
INSERT INTO fact4 (fact4_id, room_count, a_mark, a_b_mark, a_e_mark, debts_count, campus_id, time_id)
VALUES (27, 4, 651, 9947, 14883, 4613, 2, 7);
INSERT INTO fact4 (fact4_id, room_count, a_mark, a_b_mark, a_e_mark, debts_count, campus_id, time_id)
VALUES (28, 4, 324, 5471, 12140, 8956, 2, 8);
INSERT INTO fact4 (fact4_id, room_count, a_mark, a_b_mark, a_e_mark, debts_count, campus_id, time_id)
VALUES (29, 1, 498, 6507, 11624, 3704, 2, 9);
INSERT INTO fact4 (fact4_id, room_count, a_mark, a_b_mark, a_e_mark, debts_count, campus_id, time_id)
VALUES (30, 4, 230, 9751, 5441, 7455, 2, 10);
INSERT INTO fact4 (fact4_id, room_count, a_mark, a_b_mark, a_e_mark, debts_count, campus_id, time_id)
VALUES (31, 5, 677, 1444, 6375, 8022, 2, 11);
INSERT INTO fact4 (fact4_id, room_count, a_mark, a_b_mark, a_e_mark, debts_count, campus_id, time_id)
VALUES (32, 2, 987, 8564, 7977, 1823, 2, 12);
INSERT INTO fact4 (fact4_id, room_count, a_mark, a_b_mark, a_e_mark, debts_count, campus_id, time_id)
VALUES (33, 3, 488, 6363, 8467, 8449, 2, 13);
INSERT INTO fact4 (fact4_id, room_count, a_mark, a_b_mark, a_e_mark, debts_count, campus_id, time_id)
VALUES (34, 3, 445, 7211, 9558, 7906, 2, 14);
INSERT INTO fact4 (fact4_id, room_count, a_mark, a_b_mark, a_e_mark, debts_count, campus_id, time_id)
VALUES (35, 3, 954, 2341, 12705, 1317, 2, 15);
INSERT INTO fact4 (fact4_id, room_count, a_mark, a_b_mark, a_e_mark, debts_count, campus_id, time_id)
VALUES (36, 6, 652, 1853, 10733, 4673, 2, 16);
INSERT INTO fact4 (fact4_id, room_count, a_mark, a_b_mark, a_e_mark, debts_count, campus_id, time_id)
VALUES (37, 6, 170, 1659, 5508, 5051, 2, 17);
INSERT INTO fact4 (fact4_id, room_count, a_mark, a_b_mark, a_e_mark, debts_count, campus_id, time_id)
VALUES (38, 2, 959, 1333, 7496, 4908, 2, 18);
INSERT INTO fact4 (fact4_id, room_count, a_mark, a_b_mark, a_e_mark, debts_count, campus_id, time_id)
VALUES (39, 2, 584, 2874, 14240, 4571, 2, 19);
INSERT INTO fact4 (fact4_id, room_count, a_mark, a_b_mark, a_e_mark, debts_count, campus_id, time_id)
VALUES (40, 4, 816, 5198, 11043, 3749, 2, 20);
INSERT INTO fact4 (fact4_id, room_count, a_mark, a_b_mark, a_e_mark, debts_count, campus_id, time_id)
VALUES (41, 5, 721, 2876, 7683, 6096, 3, 1);
INSERT INTO fact4 (fact4_id, room_count, a_mark, a_b_mark, a_e_mark, debts_count, campus_id, time_id)
VALUES (42, 1, 692, 1420, 10111, 7149, 3, 2);
INSERT INTO fact4 (fact4_id, room_count, a_mark, a_b_mark, a_e_mark, debts_count, campus_id, time_id)
VALUES (43, 4, 832, 4249, 6245, 4978, 3, 3);
INSERT INTO fact4 (fact4_id, room_count, a_mark, a_b_mark, a_e_mark, debts_count, campus_id, time_id)
VALUES (44, 1, 813, 5941, 14837, 2983, 3, 4);
INSERT INTO fact4 (fact4_id, room_count, a_mark, a_b_mark, a_e_mark, debts_count, campus_id, time_id)
VALUES (45, 5, 901, 1672, 10688, 9728, 3, 5);
INSERT INTO fact4 (fact4_id, room_count, a_mark, a_b_mark, a_e_mark, debts_count, campus_id, time_id)
VALUES (46, 4, 777, 7071, 6129, 9289, 3, 6);
INSERT INTO fact4 (fact4_id, room_count, a_mark, a_b_mark, a_e_mark, debts_count, campus_id, time_id)
VALUES (47, 6, 449, 1207, 11882, 9031, 3, 7);
INSERT INTO fact4 (fact4_id, room_count, a_mark, a_b_mark, a_e_mark, debts_count, campus_id, time_id)
VALUES (48, 1, 543, 6934, 12532, 3506, 3, 8);
INSERT INTO fact4 (fact4_id, room_count, a_mark, a_b_mark, a_e_mark, debts_count, campus_id, time_id)
VALUES (49, 4, 280, 9548, 9425, 9817, 3, 9);
INSERT INTO fact4 (fact4_id, room_count, a_mark, a_b_mark, a_e_mark, debts_count, campus_id, time_id)
VALUES (50, 4, 576, 8136, 14707, 5397, 3, 10);
INSERT INTO fact4 (fact4_id, room_count, a_mark, a_b_mark, a_e_mark, debts_count, campus_id, time_id)
VALUES (51, 3, 972, 5022, 6419, 5569, 3, 11);
INSERT INTO fact4 (fact4_id, room_count, a_mark, a_b_mark, a_e_mark, debts_count, campus_id, time_id)
VALUES (52, 4, 349, 8613, 14336, 7209, 3, 12);
INSERT INTO fact4 (fact4_id, room_count, a_mark, a_b_mark, a_e_mark, debts_count, campus_id, time_id)
VALUES (53, 3, 129, 9098, 10325, 3979, 3, 13);
INSERT INTO fact4 (fact4_id, room_count, a_mark, a_b_mark, a_e_mark, debts_count, campus_id, time_id)
VALUES (54, 4, 317, 6813, 9232, 6576, 3, 14);
INSERT INTO fact4 (fact4_id, room_count, a_mark, a_b_mark, a_e_mark, debts_count, campus_id, time_id)
VALUES (55, 3, 710, 5526, 14106, 1166, 3, 15);
INSERT INTO fact4 (fact4_id, room_count, a_mark, a_b_mark, a_e_mark, debts_count, campus_id, time_id)
VALUES (56, 5, 295, 2402, 8954, 7658, 3, 16);
INSERT INTO fact4 (fact4_id, room_count, a_mark, a_b_mark, a_e_mark, debts_count, campus_id, time_id)
VALUES (57, 4, 668, 4937, 12800, 9041, 3, 17);
INSERT INTO fact4 (fact4_id, room_count, a_mark, a_b_mark, a_e_mark, debts_count, campus_id, time_id)
VALUES (58, 4, 911, 1282, 6524, 5820, 3, 18);
INSERT INTO fact4 (fact4_id, room_count, a_mark, a_b_mark, a_e_mark, debts_count, campus_id, time_id)
VALUES (59, 2, 514, 4986, 10016, 7046, 3, 19);
INSERT INTO fact4 (fact4_id, room_count, a_mark, a_b_mark, a_e_mark, debts_count, campus_id, time_id)
VALUES (60, 4, 666, 9698, 10632, 7971, 3, 20);
INSERT INTO fact4 (fact4_id, room_count, a_mark, a_b_mark, a_e_mark, debts_count, campus_id, time_id)
VALUES (61, 6, 663, 6419, 10764, 8434, 4, 1);
INSERT INTO fact4 (fact4_id, room_count, a_mark, a_b_mark, a_e_mark, debts_count, campus_id, time_id)
VALUES (62, 3, 413, 5118, 8777, 2976, 4, 2);
INSERT INTO fact4 (fact4_id, room_count, a_mark, a_b_mark, a_e_mark, debts_count, campus_id, time_id)
VALUES (63, 6, 297, 6169, 6958, 9779, 4, 3);
INSERT INTO fact4 (fact4_id, room_count, a_mark, a_b_mark, a_e_mark, debts_count, campus_id, time_id)
VALUES (64, 6, 289, 4138, 8545, 8933, 4, 4);
INSERT INTO fact4 (fact4_id, room_count, a_mark, a_b_mark, a_e_mark, debts_count, campus_id, time_id)
VALUES (65, 3, 841, 9595, 14777, 5636, 4, 5);
INSERT INTO fact4 (fact4_id, room_count, a_mark, a_b_mark, a_e_mark, debts_count, campus_id, time_id)
VALUES (66, 1, 952, 4180, 9853, 4727, 4, 6);
INSERT INTO fact4 (fact4_id, room_count, a_mark, a_b_mark, a_e_mark, debts_count, campus_id, time_id)
VALUES (67, 3, 283, 5952, 5231, 9751, 4, 7);
INSERT INTO fact4 (fact4_id, room_count, a_mark, a_b_mark, a_e_mark, debts_count, campus_id, time_id)
VALUES (68, 2, 380, 1745, 5893, 5786, 4, 8);
INSERT INTO fact4 (fact4_id, room_count, a_mark, a_b_mark, a_e_mark, debts_count, campus_id, time_id)
VALUES (69, 6, 229, 9042, 6680, 1200, 4, 9);
INSERT INTO fact4 (fact4_id, room_count, a_mark, a_b_mark, a_e_mark, debts_count, campus_id, time_id)
VALUES (70, 5, 391, 8690, 12843, 8216, 4, 10);
INSERT INTO fact4 (fact4_id, room_count, a_mark, a_b_mark, a_e_mark, debts_count, campus_id, time_id)
VALUES (71, 3, 288, 1841, 9136, 8827, 4, 11);
INSERT INTO fact4 (fact4_id, room_count, a_mark, a_b_mark, a_e_mark, debts_count, campus_id, time_id)
VALUES (72, 1, 941, 2070, 11565, 9056, 4, 12);
INSERT INTO fact4 (fact4_id, room_count, a_mark, a_b_mark, a_e_mark, debts_count, campus_id, time_id)
VALUES (73, 1, 690, 1878, 7485, 3444, 4, 13);
INSERT INTO fact4 (fact4_id, room_count, a_mark, a_b_mark, a_e_mark, debts_count, campus_id, time_id)
VALUES (74, 5, 411, 2395, 9066, 2940, 4, 14);
INSERT INTO fact4 (fact4_id, room_count, a_mark, a_b_mark, a_e_mark, debts_count, campus_id, time_id)
VALUES (75, 5, 882, 7818, 14933, 4697, 4, 15);
INSERT INTO fact4 (fact4_id, room_count, a_mark, a_b_mark, a_e_mark, debts_count, campus_id, time_id)
VALUES (76, 5, 489, 8381, 12253, 5871, 4, 16);
INSERT INTO fact4 (fact4_id, room_count, a_mark, a_b_mark, a_e_mark, debts_count, campus_id, time_id)
VALUES (77, 5, 539, 6003, 14316, 1986, 4, 17);
INSERT INTO fact4 (fact4_id, room_count, a_mark, a_b_mark, a_e_mark, debts_count, campus_id, time_id)
VALUES (78, 5, 857, 2625, 8404, 4457, 4, 18);
INSERT INTO fact4 (fact4_id, room_count, a_mark, a_b_mark, a_e_mark, debts_count, campus_id, time_id)
VALUES (79, 3, 776, 2330, 7573, 4929, 4, 19);
INSERT INTO fact4 (fact4_id, room_count, a_mark, a_b_mark, a_e_mark, debts_count, campus_id, time_id)
VALUES (80, 2, 665, 2229, 7564, 1043, 4, 20);
INSERT INTO fact4 (fact4_id, room_count, a_mark, a_b_mark, a_e_mark, debts_count, campus_id, time_id)
VALUES (81, 4, 561, 8699, 9771, 1534, 5, 1);
INSERT INTO fact4 (fact4_id, room_count, a_mark, a_b_mark, a_e_mark, debts_count, campus_id, time_id)
VALUES (82, 2, 395, 5632, 12438, 2166, 5, 2);
INSERT INTO fact4 (fact4_id, room_count, a_mark, a_b_mark, a_e_mark, debts_count, campus_id, time_id)
VALUES (83, 6, 339, 5334, 14663, 4241, 5, 3);
INSERT INTO fact4 (fact4_id, room_count, a_mark, a_b_mark, a_e_mark, debts_count, campus_id, time_id)
VALUES (84, 4, 217, 9922, 8683, 3441, 5, 4);
INSERT INTO fact4 (fact4_id, room_count, a_mark, a_b_mark, a_e_mark, debts_count, campus_id, time_id)
VALUES (85, 3, 946, 3330, 6169, 1977, 5, 5);
INSERT INTO fact4 (fact4_id, room_count, a_mark, a_b_mark, a_e_mark, debts_count, campus_id, time_id)
VALUES (86, 2, 911, 6039, 14749, 5728, 5, 6);
INSERT INTO fact4 (fact4_id, room_count, a_mark, a_b_mark, a_e_mark, debts_count, campus_id, time_id)
VALUES (87, 4, 227, 8679, 9982, 7594, 5, 7);
INSERT INTO fact4 (fact4_id, room_count, a_mark, a_b_mark, a_e_mark, debts_count, campus_id, time_id)
VALUES (88, 3, 612, 9847, 13090, 8172, 5, 8);
INSERT INTO fact4 (fact4_id, room_count, a_mark, a_b_mark, a_e_mark, debts_count, campus_id, time_id)
VALUES (89, 1, 712, 1653, 12078, 6280, 5, 9);
INSERT INTO fact4 (fact4_id, room_count, a_mark, a_b_mark, a_e_mark, debts_count, campus_id, time_id)
VALUES (90, 5, 356, 1423, 6496, 4750, 5, 10);
INSERT INTO fact4 (fact4_id, room_count, a_mark, a_b_mark, a_e_mark, debts_count, campus_id, time_id)
VALUES (91, 6, 956, 1339, 9415, 1659, 5, 11);
INSERT INTO fact4 (fact4_id, room_count, a_mark, a_b_mark, a_e_mark, debts_count, campus_id, time_id)
VALUES (92, 2, 581, 9502, 12245, 5557, 5, 12);
INSERT INTO fact4 (fact4_id, room_count, a_mark, a_b_mark, a_e_mark, debts_count, campus_id, time_id)
VALUES (93, 2, 699, 8141, 13056, 2494, 5, 13);
INSERT INTO fact4 (fact4_id, room_count, a_mark, a_b_mark, a_e_mark, debts_count, campus_id, time_id)
VALUES (94, 4, 456, 7690, 10460, 6260, 5, 14);
INSERT INTO fact4 (fact4_id, room_count, a_mark, a_b_mark, a_e_mark, debts_count, campus_id, time_id)
VALUES (95, 6, 207, 3634, 10403, 7744, 5, 15);
INSERT INTO fact4 (fact4_id, room_count, a_mark, a_b_mark, a_e_mark, debts_count, campus_id, time_id)
VALUES (96, 6, 607, 5722, 11561, 1601, 5, 16);
INSERT INTO fact4 (fact4_id, room_count, a_mark, a_b_mark, a_e_mark, debts_count, campus_id, time_id)
VALUES (97, 4, 190, 6153, 9135, 6296, 5, 17);
INSERT INTO fact4 (fact4_id, room_count, a_mark, a_b_mark, a_e_mark, debts_count, campus_id, time_id)
VALUES (98, 1, 891, 7622, 13431, 1018, 5, 18);
INSERT INTO fact4 (fact4_id, room_count, a_mark, a_b_mark, a_e_mark, debts_count, campus_id, time_id)
VALUES (99, 6, 990, 9889, 12569, 7770, 5, 19);
INSERT INTO fact4 (fact4_id, room_count, a_mark, a_b_mark, a_e_mark, debts_count, campus_id, time_id)
VALUES (100, 1, 292, 9494, 10927, 9167, 5, 20);
INSERT INTO fact4 (fact4_id, room_count, a_mark, a_b_mark, a_e_mark, debts_count, campus_id, time_id)
VALUES (101, 6, 552, 1845, 8335, 5375, 6, 1);
INSERT INTO fact4 (fact4_id, room_count, a_mark, a_b_mark, a_e_mark, debts_count, campus_id, time_id)
VALUES (102, 5, 234, 5719, 12178, 8941, 6, 2);
INSERT INTO fact4 (fact4_id, room_count, a_mark, a_b_mark, a_e_mark, debts_count, campus_id, time_id)
VALUES (103, 1, 129, 4920, 7594, 6091, 6, 3);
INSERT INTO fact4 (fact4_id, room_count, a_mark, a_b_mark, a_e_mark, debts_count, campus_id, time_id)
VALUES (104, 5, 114, 7684, 6527, 4681, 6, 4);
INSERT INTO fact4 (fact4_id, room_count, a_mark, a_b_mark, a_e_mark, debts_count, campus_id, time_id)
VALUES (105, 1, 572, 2924, 7522, 9165, 6, 5);
INSERT INTO fact4 (fact4_id, room_count, a_mark, a_b_mark, a_e_mark, debts_count, campus_id, time_id)
VALUES (106, 6, 398, 9337, 9479, 7807, 6, 6);
INSERT INTO fact4 (fact4_id, room_count, a_mark, a_b_mark, a_e_mark, debts_count, campus_id, time_id)
VALUES (107, 4, 583, 4993, 12483, 3369, 6, 7);
INSERT INTO fact4 (fact4_id, room_count, a_mark, a_b_mark, a_e_mark, debts_count, campus_id, time_id)
VALUES (108, 4, 295, 9327, 7236, 2143, 6, 8);
INSERT INTO fact4 (fact4_id, room_count, a_mark, a_b_mark, a_e_mark, debts_count, campus_id, time_id)
VALUES (109, 3, 891, 7798, 10568, 9318, 6, 9);
INSERT INTO fact4 (fact4_id, room_count, a_mark, a_b_mark, a_e_mark, debts_count, campus_id, time_id)
VALUES (110, 3, 940, 1042, 9634, 5891, 6, 10);
INSERT INTO fact4 (fact4_id, room_count, a_mark, a_b_mark, a_e_mark, debts_count, campus_id, time_id)
VALUES (111, 5, 693, 9022, 7434, 8316, 6, 11);
INSERT INTO fact4 (fact4_id, room_count, a_mark, a_b_mark, a_e_mark, debts_count, campus_id, time_id)
VALUES (112, 5, 595, 6654, 10446, 9903, 6, 12);
INSERT INTO fact4 (fact4_id, room_count, a_mark, a_b_mark, a_e_mark, debts_count, campus_id, time_id)
VALUES (113, 4, 566, 6272, 8090, 4912, 6, 13);
INSERT INTO fact4 (fact4_id, room_count, a_mark, a_b_mark, a_e_mark, debts_count, campus_id, time_id)
VALUES (114, 5, 492, 4826, 11730, 1715, 6, 14);
INSERT INTO fact4 (fact4_id, room_count, a_mark, a_b_mark, a_e_mark, debts_count, campus_id, time_id)
VALUES (115, 3, 862, 8749, 11246, 7325, 6, 15);
INSERT INTO fact4 (fact4_id, room_count, a_mark, a_b_mark, a_e_mark, debts_count, campus_id, time_id)
VALUES (116, 6, 911, 3492, 13115, 1606, 6, 16);
INSERT INTO fact4 (fact4_id, room_count, a_mark, a_b_mark, a_e_mark, debts_count, campus_id, time_id)
VALUES (117, 2, 614, 6439, 6644, 8213, 6, 17);
INSERT INTO fact4 (fact4_id, room_count, a_mark, a_b_mark, a_e_mark, debts_count, campus_id, time_id)
VALUES (118, 1, 638, 8486, 5251, 3361, 6, 18);
INSERT INTO fact4 (fact4_id, room_count, a_mark, a_b_mark, a_e_mark, debts_count, campus_id, time_id)
VALUES (119, 4, 991, 3529, 6225, 8692, 6, 19);
INSERT INTO fact4 (fact4_id, room_count, a_mark, a_b_mark, a_e_mark, debts_count, campus_id, time_id)
VALUES (120, 3, 446, 7512, 6315, 6383, 6, 20);

INSERT INTO fact1 (fact1_id, honor_diplomas, usual_diplomas, publication_count, student_cards_count, conference_count, employee_cards_count, live_campus_count, not_live_campus_count, time_id)
VALUES (1, 54, 394, 70, 820, 141, 954, 8997, 2893, 1);
INSERT INTO fact1 (fact1_id, honor_diplomas, usual_diplomas, publication_count, student_cards_count, conference_count, employee_cards_count, live_campus_count, not_live_campus_count, time_id)
VALUES (2, 54, 218, 89, 535, 80, 823, 7354, 2232, 2);
INSERT INTO fact1 (fact1_id, honor_diplomas, usual_diplomas, publication_count, student_cards_count, conference_count, employee_cards_count, live_campus_count, not_live_campus_count, time_id)
VALUES (3, 25, 422, 56, 889, 131, 860, 5823, 2454, 3);
INSERT INTO fact1 (fact1_id, honor_diplomas, usual_diplomas, publication_count, student_cards_count, conference_count, employee_cards_count, live_campus_count, not_live_campus_count, time_id)
VALUES (4, 30, 555, 69, 962, 53, 523, 7657, 2815, 4);
INSERT INTO fact1 (fact1_id, honor_diplomas, usual_diplomas, publication_count, student_cards_count, conference_count, employee_cards_count, live_campus_count, not_live_campus_count, time_id)
VALUES (5, 23, 350, 72, 691, 105, 574, 7000, 2543, 5);
INSERT INTO fact1 (fact1_id, honor_diplomas, usual_diplomas, publication_count, student_cards_count, conference_count, employee_cards_count, live_campus_count, not_live_campus_count, time_id)
VALUES (6, 46, 489, 93, 905, 73, 587, 6434, 2080, 6);
INSERT INTO fact1 (fact1_id, honor_diplomas, usual_diplomas, publication_count, student_cards_count, conference_count, employee_cards_count, live_campus_count, not_live_campus_count, time_id)
VALUES (7, 59, 395, 89, 849, 80, 754, 9777, 2146, 7);
INSERT INTO fact1 (fact1_id, honor_diplomas, usual_diplomas, publication_count, student_cards_count, conference_count, employee_cards_count, live_campus_count, not_live_campus_count, time_id)
VALUES (8, 34, 436, 90, 630, 108, 630, 5076, 2920, 8);
INSERT INTO fact1 (fact1_id, honor_diplomas, usual_diplomas, publication_count, student_cards_count, conference_count, employee_cards_count, live_campus_count, not_live_campus_count, time_id)
VALUES (9, 49, 347, 93, 779, 70, 537, 8618, 2967, 9);
INSERT INTO fact1 (fact1_id, honor_diplomas, usual_diplomas, publication_count, student_cards_count, conference_count, employee_cards_count, live_campus_count, not_live_campus_count, time_id)
VALUES (10, 42, 500, 69, 827, 104, 853, 7048, 2467, 10);
INSERT INTO fact1 (fact1_id, honor_diplomas, usual_diplomas, publication_count, student_cards_count, conference_count, employee_cards_count, live_campus_count, not_live_campus_count, time_id)
VALUES (11, 39, 301, 74, 936, 111, 554, 6943, 2390, 11);
INSERT INTO fact1 (fact1_id, honor_diplomas, usual_diplomas, publication_count, student_cards_count, conference_count, employee_cards_count, live_campus_count, not_live_campus_count, time_id)
VALUES (12, 56, 383, 86, 651, 139, 651, 5179, 2849, 12);
INSERT INTO fact1 (fact1_id, honor_diplomas, usual_diplomas, publication_count, student_cards_count, conference_count, employee_cards_count, live_campus_count, not_live_campus_count, time_id)
VALUES (13, 45, 340, 50, 789, 137, 898, 5401, 2932, 13);
INSERT INTO fact1 (fact1_id, honor_diplomas, usual_diplomas, publication_count, student_cards_count, conference_count, employee_cards_count, live_campus_count, not_live_campus_count, time_id)
VALUES (14, 58, 581, 81, 926, 86, 897, 6885, 2621, 14);
INSERT INTO fact1 (fact1_id, honor_diplomas, usual_diplomas, publication_count, student_cards_count, conference_count, employee_cards_count, live_campus_count, not_live_campus_count, time_id)
VALUES (15, 42, 312, 90, 597, 129, 628, 6120, 2643, 15);
INSERT INTO fact1 (fact1_id, honor_diplomas, usual_diplomas, publication_count, student_cards_count, conference_count, employee_cards_count, live_campus_count, not_live_campus_count, time_id)
VALUES (16, 26, 521, 91, 520, 89, 903, 8611, 2034, 16);
INSERT INTO fact1 (fact1_id, honor_diplomas, usual_diplomas, publication_count, student_cards_count, conference_count, employee_cards_count, live_campus_count, not_live_campus_count, time_id)
VALUES (17, 57, 386, 96, 567, 61, 965, 7417, 2334, 17);
INSERT INTO fact1 (fact1_id, honor_diplomas, usual_diplomas, publication_count, student_cards_count, conference_count, employee_cards_count, live_campus_count, not_live_campus_count, time_id)
VALUES (18, 46, 289, 62, 567, 150, 776, 7997, 2543, 18);
INSERT INTO fact1 (fact1_id, honor_diplomas, usual_diplomas, publication_count, student_cards_count, conference_count, employee_cards_count, live_campus_count, not_live_campus_count, time_id)
VALUES (19, 52, 339, 60, 631, 111, 995, 7417, 2764, 19);
INSERT INTO fact1 (fact1_id, honor_diplomas, usual_diplomas, publication_count, student_cards_count, conference_count, employee_cards_count, live_campus_count, not_live_campus_count, time_id)
VALUES (20, 41, 258, 79, 993, 59, 572, 6848, 2880, 20);
