INSERT INTO birthplace (birthplace_id, country_key, country_name, region_key, region_name, city_key, city_name)
VALUES (3, 1, 'Russia', 2, 'Vologda Oblast', 4, 'Vologda');
INSERT INTO birthplace (birthplace_id, country_key, country_name, region_key, region_name, city_key, city_name)
VALUES (5, 1, 'Russia', 2, 'Vologda Oblast', 6, 'Cherepovets');
INSERT INTO birthplace (birthplace_id, country_key, country_name, region_key, region_name, city_key, city_name)
VALUES (7, 1, 'Russia', 2, 'Vologda Oblast', 8, 'Sokol');
INSERT INTO birthplace (birthplace_id, country_key, country_name, region_key, region_name, city_key, city_name)
VALUES (10, 1, 'Russia', 9, 'Yaroslavl Oblast', 11, 'Yaroslavl');
INSERT INTO birthplace (birthplace_id, country_key, country_name, region_key, region_name, city_key, city_name)
VALUES (12, 1, 'Russia', 9, 'Yaroslavl Oblast', 13, 'Rostov');
INSERT INTO birthplace (birthplace_id, country_key, country_name, region_key, region_name, city_key, city_name)
VALUES (14, 1, 'Russia', 9, 'Yaroslavl Oblast', 15, 'Rybinsk');
INSERT INTO birthplace (birthplace_id, country_key, country_name, region_key, region_name, city_key, city_name)
VALUES (16, 1, 'Russia', 9, 'Yaroslavl Oblast', 17, 'Uglich');
INSERT INTO birthplace (birthplace_id, country_key, country_name, region_key, region_name, city_key, city_name)
VALUES (19, 1, 'Russia', 18, 'Krasnoyarsk Krai', 20, 'Krasnoyarsk');
INSERT INTO birthplace (birthplace_id, country_key, country_name, region_key, region_name, city_key, city_name)
VALUES (21, 1, 'Russia', 18, 'Krasnoyarsk Krai', 22, 'Norilsk');
INSERT INTO birthplace (birthplace_id, country_key, country_name, region_key, region_name, city_key, city_name)
VALUES (23, 1, 'Russia', 18, 'Krasnoyarsk Krai', 24, 'Zelenogorsk');
INSERT INTO birthplace (birthplace_id, country_key, country_name, region_key, region_name, city_key, city_name)
VALUES (27, 25, 'Belarus', 26, 'Gomel Region', 28, 'Gomel');
INSERT INTO birthplace (birthplace_id, country_key, country_name, region_key, region_name, city_key, city_name)
VALUES (29, 25, 'Belarus', 26, 'Gomel Region', 30, 'Zhlobin');
INSERT INTO birthplace (birthplace_id, country_key, country_name, region_key, region_name, city_key, city_name)
VALUES (31, 25, 'Belarus', 26, 'Gomel Region', 32, 'Dobrush');
INSERT INTO birthplace (birthplace_id, country_key, country_name, region_key, region_name, city_key, city_name)
VALUES (34, 25, 'Belarus', 33, 'Minsk Region', 35, 'Minsk');
INSERT INTO birthplace (birthplace_id, country_key, country_name, region_key, region_name, city_key, city_name)
VALUES (36, 25, 'Belarus', 33, 'Minsk Region', 37, 'Salihorsk');
INSERT INTO birthplace (birthplace_id, country_key, country_name, region_key, region_name, city_key, city_name)
VALUES (38, 25, 'Belarus', 33, 'Minsk Region', 39, 'Slutsk');

INSERT INTO time_t (time_id, year_key, year_name, term_key, term_name)
VALUES (1, 1990, '1990 year', 1, 'first term');
INSERT INTO time_t (time_id, year_key, year_name, term_key, term_name)
VALUES (2, 1990, '1990 year', 2, 'second term');
INSERT INTO time_t (time_id, year_key, year_name, term_key, term_name)
VALUES (3, 1991, '1991 year', 3, 'first term');
INSERT INTO time_t (time_id, year_key, year_name, term_key, term_name)
VALUES (4, 1991, '1991 year', 4, 'second term');
INSERT INTO time_t (time_id, year_key, year_name, term_key, term_name)
VALUES (5, 1992, '1992 year', 5, 'first term');
INSERT INTO time_t (time_id, year_key, year_name, term_key, term_name)
VALUES (6, 1992, '1992 year', 6, 'second term');
INSERT INTO time_t (time_id, year_key, year_name, term_key, term_name)
VALUES (7, 1993, '1993 year', 7, 'first term');
INSERT INTO time_t (time_id, year_key, year_name, term_key, term_name)
VALUES (8, 1993, '1993 year', 8, 'second term');
INSERT INTO time_t (time_id, year_key, year_name, term_key, term_name)
VALUES (9, 1994, '1994 year', 9, 'first term');
INSERT INTO time_t (time_id, year_key, year_name, term_key, term_name)
VALUES (10, 1994, '1994 year', 10, 'second term');
INSERT INTO time_t (time_id, year_key, year_name, term_key, term_name)
VALUES (11, 1995, '1995 year', 11, 'first term');
INSERT INTO time_t (time_id, year_key, year_name, term_key, term_name)
VALUES (12, 1995, '1995 year', 12, 'second term');
INSERT INTO time_t (time_id, year_key, year_name, term_key, term_name)
VALUES (13, 1996, '1996 year', 13, 'first term');
INSERT INTO time_t (time_id, year_key, year_name, term_key, term_name)
VALUES (14, 1996, '1996 year', 14, 'second term');
INSERT INTO time_t (time_id, year_key, year_name, term_key, term_name)
VALUES (15, 1997, '1997 year', 15, 'first term');
INSERT INTO time_t (time_id, year_key, year_name, term_key, term_name)
VALUES (16, 1997, '1997 year', 16, 'second term');
INSERT INTO time_t (time_id, year_key, year_name, term_key, term_name)
VALUES (17, 1998, '1998 year', 17, 'first term');
INSERT INTO time_t (time_id, year_key, year_name, term_key, term_name)
VALUES (18, 1998, '1998 year', 18, 'second term');
INSERT INTO time_t (time_id, year_key, year_name, term_key, term_name)
VALUES (19, 1999, '1999 year', 19, 'first term');
INSERT INTO time_t (time_id, year_key, year_name, term_key, term_name)
VALUES (20, 1999, '1999 year', 20, 'second term');

INSERT INTO fact2 (fact2_id, people_count, birthplace_id, time_id)
VALUES (1, 2824, 3, 1);
INSERT INTO fact2 (fact2_id, people_count, birthplace_id, time_id)
VALUES (2, 1409, 3, 2);
INSERT INTO fact2 (fact2_id, people_count, birthplace_id, time_id)
VALUES (3, 5506, 3, 3);
INSERT INTO fact2 (fact2_id, people_count, birthplace_id, time_id)
VALUES (4, 5012, 3, 4);
INSERT INTO fact2 (fact2_id, people_count, birthplace_id, time_id)
VALUES (5, 4657, 3, 5);
INSERT INTO fact2 (fact2_id, people_count, birthplace_id, time_id)
VALUES (6, 3286, 3, 6);
INSERT INTO fact2 (fact2_id, people_count, birthplace_id, time_id)
VALUES (7, 2679, 3, 7);
INSERT INTO fact2 (fact2_id, people_count, birthplace_id, time_id)
VALUES (8, 9935, 3, 8);
INSERT INTO fact2 (fact2_id, people_count, birthplace_id, time_id)
VALUES (9, 2424, 3, 9);
INSERT INTO fact2 (fact2_id, people_count, birthplace_id, time_id)
VALUES (10, 7912, 3, 10);
INSERT INTO fact2 (fact2_id, people_count, birthplace_id, time_id)
VALUES (11, 1520, 3, 11);
INSERT INTO fact2 (fact2_id, people_count, birthplace_id, time_id)
VALUES (12, 1488, 3, 12);
INSERT INTO fact2 (fact2_id, people_count, birthplace_id, time_id)
VALUES (13, 2535, 3, 13);
INSERT INTO fact2 (fact2_id, people_count, birthplace_id, time_id)
VALUES (14, 4582, 3, 14);
INSERT INTO fact2 (fact2_id, people_count, birthplace_id, time_id)
VALUES (15, 4811, 3, 15);
INSERT INTO fact2 (fact2_id, people_count, birthplace_id, time_id)
VALUES (16, 9279, 3, 16);
INSERT INTO fact2 (fact2_id, people_count, birthplace_id, time_id)
VALUES (17, 1434, 3, 17);
INSERT INTO fact2 (fact2_id, people_count, birthplace_id, time_id)
VALUES (18, 4257, 3, 18);
INSERT INTO fact2 (fact2_id, people_count, birthplace_id, time_id)
VALUES (19, 9928, 3, 19);
INSERT INTO fact2 (fact2_id, people_count, birthplace_id, time_id)
VALUES (20, 7873, 3, 20);
INSERT INTO fact2 (fact2_id, people_count, birthplace_id, time_id)
VALUES (21, 4611, 5, 1);
INSERT INTO fact2 (fact2_id, people_count, birthplace_id, time_id)
VALUES (22, 8359, 5, 2);
INSERT INTO fact2 (fact2_id, people_count, birthplace_id, time_id)
VALUES (23, 5557, 5, 3);
INSERT INTO fact2 (fact2_id, people_count, birthplace_id, time_id)
VALUES (24, 1106, 5, 4);
INSERT INTO fact2 (fact2_id, people_count, birthplace_id, time_id)
VALUES (25, 3615, 5, 5);
INSERT INTO fact2 (fact2_id, people_count, birthplace_id, time_id)
VALUES (26, 7924, 5, 6);
INSERT INTO fact2 (fact2_id, people_count, birthplace_id, time_id)
VALUES (27, 6574, 5, 7);
INSERT INTO fact2 (fact2_id, people_count, birthplace_id, time_id)
VALUES (28, 5552, 5, 8);
INSERT INTO fact2 (fact2_id, people_count, birthplace_id, time_id)
VALUES (29, 3547, 5, 9);
INSERT INTO fact2 (fact2_id, people_count, birthplace_id, time_id)
VALUES (30, 4527, 5, 10);
INSERT INTO fact2 (fact2_id, people_count, birthplace_id, time_id)
VALUES (31, 6514, 5, 11);
INSERT INTO fact2 (fact2_id, people_count, birthplace_id, time_id)
VALUES (32, 2674, 5, 12);
INSERT INTO fact2 (fact2_id, people_count, birthplace_id, time_id)
VALUES (33, 2519, 5, 13);
INSERT INTO fact2 (fact2_id, people_count, birthplace_id, time_id)
VALUES (34, 7224, 5, 14);
INSERT INTO fact2 (fact2_id, people_count, birthplace_id, time_id)
VALUES (35, 2584, 5, 15);
INSERT INTO fact2 (fact2_id, people_count, birthplace_id, time_id)
VALUES (36, 6881, 5, 16);
INSERT INTO fact2 (fact2_id, people_count, birthplace_id, time_id)
VALUES (37, 6635, 5, 17);
INSERT INTO fact2 (fact2_id, people_count, birthplace_id, time_id)
VALUES (38, 5333, 5, 18);
INSERT INTO fact2 (fact2_id, people_count, birthplace_id, time_id)
VALUES (39, 1711, 5, 19);
INSERT INTO fact2 (fact2_id, people_count, birthplace_id, time_id)
VALUES (40, 8527, 5, 20);
INSERT INTO fact2 (fact2_id, people_count, birthplace_id, time_id)
VALUES (41, 9785, 7, 1);
INSERT INTO fact2 (fact2_id, people_count, birthplace_id, time_id)
VALUES (42, 3045, 7, 2);
INSERT INTO fact2 (fact2_id, people_count, birthplace_id, time_id)
VALUES (43, 7201, 7, 3);
INSERT INTO fact2 (fact2_id, people_count, birthplace_id, time_id)
VALUES (44, 2291, 7, 4);
INSERT INTO fact2 (fact2_id, people_count, birthplace_id, time_id)
VALUES (45, 5803, 7, 5);
INSERT INTO fact2 (fact2_id, people_count, birthplace_id, time_id)
VALUES (46, 6925, 7, 6);
INSERT INTO fact2 (fact2_id, people_count, birthplace_id, time_id)
VALUES (47, 4150, 7, 7);
INSERT INTO fact2 (fact2_id, people_count, birthplace_id, time_id)
VALUES (48, 2139, 7, 8);
INSERT INTO fact2 (fact2_id, people_count, birthplace_id, time_id)
VALUES (49, 1750, 7, 9);
INSERT INTO fact2 (fact2_id, people_count, birthplace_id, time_id)
VALUES (50, 4733, 7, 10);
INSERT INTO fact2 (fact2_id, people_count, birthplace_id, time_id)
VALUES (51, 5741, 7, 11);
INSERT INTO fact2 (fact2_id, people_count, birthplace_id, time_id)
VALUES (52, 2307, 7, 12);
INSERT INTO fact2 (fact2_id, people_count, birthplace_id, time_id)
VALUES (53, 4814, 7, 13);
INSERT INTO fact2 (fact2_id, people_count, birthplace_id, time_id)
VALUES (54, 2654, 7, 14);
INSERT INTO fact2 (fact2_id, people_count, birthplace_id, time_id)
VALUES (55, 7227, 7, 15);
INSERT INTO fact2 (fact2_id, people_count, birthplace_id, time_id)
VALUES (56, 5554, 7, 16);
INSERT INTO fact2 (fact2_id, people_count, birthplace_id, time_id)
VALUES (57, 8428, 7, 17);
INSERT INTO fact2 (fact2_id, people_count, birthplace_id, time_id)
VALUES (58, 6977, 7, 18);
INSERT INTO fact2 (fact2_id, people_count, birthplace_id, time_id)
VALUES (59, 3664, 7, 19);
INSERT INTO fact2 (fact2_id, people_count, birthplace_id, time_id)
VALUES (60, 7065, 7, 20);
INSERT INTO fact2 (fact2_id, people_count, birthplace_id, time_id)
VALUES (61, 6820, 10, 1);
INSERT INTO fact2 (fact2_id, people_count, birthplace_id, time_id)
VALUES (62, 4432, 10, 2);
INSERT INTO fact2 (fact2_id, people_count, birthplace_id, time_id)
VALUES (63, 5374, 10, 3);
INSERT INTO fact2 (fact2_id, people_count, birthplace_id, time_id)
VALUES (64, 2169, 10, 4);
INSERT INTO fact2 (fact2_id, people_count, birthplace_id, time_id)
VALUES (65, 3803, 10, 5);
INSERT INTO fact2 (fact2_id, people_count, birthplace_id, time_id)
VALUES (66, 9751, 10, 6);
INSERT INTO fact2 (fact2_id, people_count, birthplace_id, time_id)
VALUES (67, 5010, 10, 7);
INSERT INTO fact2 (fact2_id, people_count, birthplace_id, time_id)
VALUES (68, 3677, 10, 8);
INSERT INTO fact2 (fact2_id, people_count, birthplace_id, time_id)
VALUES (69, 8573, 10, 9);
INSERT INTO fact2 (fact2_id, people_count, birthplace_id, time_id)
VALUES (70, 7216, 10, 10);
INSERT INTO fact2 (fact2_id, people_count, birthplace_id, time_id)
VALUES (71, 5422, 10, 11);
INSERT INTO fact2 (fact2_id, people_count, birthplace_id, time_id)
VALUES (72, 4598, 10, 12);
INSERT INTO fact2 (fact2_id, people_count, birthplace_id, time_id)
VALUES (73, 6313, 10, 13);
INSERT INTO fact2 (fact2_id, people_count, birthplace_id, time_id)
VALUES (74, 1916, 10, 14);
INSERT INTO fact2 (fact2_id, people_count, birthplace_id, time_id)
VALUES (75, 4752, 10, 15);
INSERT INTO fact2 (fact2_id, people_count, birthplace_id, time_id)
VALUES (76, 1525, 10, 16);
INSERT INTO fact2 (fact2_id, people_count, birthplace_id, time_id)
VALUES (77, 6168, 10, 17);
INSERT INTO fact2 (fact2_id, people_count, birthplace_id, time_id)
VALUES (78, 7572, 10, 18);
INSERT INTO fact2 (fact2_id, people_count, birthplace_id, time_id)
VALUES (79, 5386, 10, 19);
INSERT INTO fact2 (fact2_id, people_count, birthplace_id, time_id)
VALUES (80, 2084, 10, 20);
INSERT INTO fact2 (fact2_id, people_count, birthplace_id, time_id)
VALUES (81, 4456, 12, 1);
INSERT INTO fact2 (fact2_id, people_count, birthplace_id, time_id)
VALUES (82, 6155, 12, 2);
INSERT INTO fact2 (fact2_id, people_count, birthplace_id, time_id)
VALUES (83, 4483, 12, 3);
INSERT INTO fact2 (fact2_id, people_count, birthplace_id, time_id)
VALUES (84, 9179, 12, 4);
INSERT INTO fact2 (fact2_id, people_count, birthplace_id, time_id)
VALUES (85, 7482, 12, 5);
INSERT INTO fact2 (fact2_id, people_count, birthplace_id, time_id)
VALUES (86, 8517, 12, 6);
INSERT INTO fact2 (fact2_id, people_count, birthplace_id, time_id)
VALUES (87, 3340, 12, 7);
INSERT INTO fact2 (fact2_id, people_count, birthplace_id, time_id)
VALUES (88, 5339, 12, 8);
INSERT INTO fact2 (fact2_id, people_count, birthplace_id, time_id)
VALUES (89, 3287, 12, 9);
INSERT INTO fact2 (fact2_id, people_count, birthplace_id, time_id)
VALUES (90, 5040, 12, 10);
INSERT INTO fact2 (fact2_id, people_count, birthplace_id, time_id)
VALUES (91, 9830, 12, 11);
INSERT INTO fact2 (fact2_id, people_count, birthplace_id, time_id)
VALUES (92, 5304, 12, 12);
INSERT INTO fact2 (fact2_id, people_count, birthplace_id, time_id)
VALUES (93, 8019, 12, 13);
INSERT INTO fact2 (fact2_id, people_count, birthplace_id, time_id)
VALUES (94, 7543, 12, 14);
INSERT INTO fact2 (fact2_id, people_count, birthplace_id, time_id)
VALUES (95, 6930, 12, 15);
INSERT INTO fact2 (fact2_id, people_count, birthplace_id, time_id)
VALUES (96, 4593, 12, 16);
INSERT INTO fact2 (fact2_id, people_count, birthplace_id, time_id)
VALUES (97, 3266, 12, 17);
INSERT INTO fact2 (fact2_id, people_count, birthplace_id, time_id)
VALUES (98, 9348, 12, 18);
INSERT INTO fact2 (fact2_id, people_count, birthplace_id, time_id)
VALUES (99, 9085, 12, 19);
INSERT INTO fact2 (fact2_id, people_count, birthplace_id, time_id)
VALUES (100, 2489, 12, 20);
INSERT INTO fact2 (fact2_id, people_count, birthplace_id, time_id)
VALUES (101, 1771, 14, 1);
INSERT INTO fact2 (fact2_id, people_count, birthplace_id, time_id)
VALUES (102, 2796, 14, 2);
INSERT INTO fact2 (fact2_id, people_count, birthplace_id, time_id)
VALUES (103, 3504, 14, 3);
INSERT INTO fact2 (fact2_id, people_count, birthplace_id, time_id)
VALUES (104, 3621, 14, 4);
INSERT INTO fact2 (fact2_id, people_count, birthplace_id, time_id)
VALUES (105, 7916, 14, 5);
INSERT INTO fact2 (fact2_id, people_count, birthplace_id, time_id)
VALUES (106, 2040, 14, 6);
INSERT INTO fact2 (fact2_id, people_count, birthplace_id, time_id)
VALUES (107, 7304, 14, 7);
INSERT INTO fact2 (fact2_id, people_count, birthplace_id, time_id)
VALUES (108, 7252, 14, 8);
INSERT INTO fact2 (fact2_id, people_count, birthplace_id, time_id)
VALUES (109, 8668, 14, 9);
INSERT INTO fact2 (fact2_id, people_count, birthplace_id, time_id)
VALUES (110, 9669, 14, 10);
INSERT INTO fact2 (fact2_id, people_count, birthplace_id, time_id)
VALUES (111, 5119, 14, 11);
INSERT INTO fact2 (fact2_id, people_count, birthplace_id, time_id)
VALUES (112, 1188, 14, 12);
INSERT INTO fact2 (fact2_id, people_count, birthplace_id, time_id)
VALUES (113, 2876, 14, 13);
INSERT INTO fact2 (fact2_id, people_count, birthplace_id, time_id)
VALUES (114, 9797, 14, 14);
INSERT INTO fact2 (fact2_id, people_count, birthplace_id, time_id)
VALUES (115, 5371, 14, 15);
INSERT INTO fact2 (fact2_id, people_count, birthplace_id, time_id)
VALUES (116, 6573, 14, 16);
INSERT INTO fact2 (fact2_id, people_count, birthplace_id, time_id)
VALUES (117, 2827, 14, 17);
INSERT INTO fact2 (fact2_id, people_count, birthplace_id, time_id)
VALUES (118, 5808, 14, 18);
INSERT INTO fact2 (fact2_id, people_count, birthplace_id, time_id)
VALUES (119, 8123, 14, 19);
INSERT INTO fact2 (fact2_id, people_count, birthplace_id, time_id)
VALUES (120, 3591, 14, 20);
INSERT INTO fact2 (fact2_id, people_count, birthplace_id, time_id)
VALUES (121, 8433, 16, 1);
INSERT INTO fact2 (fact2_id, people_count, birthplace_id, time_id)
VALUES (122, 1053, 16, 2);
INSERT INTO fact2 (fact2_id, people_count, birthplace_id, time_id)
VALUES (123, 5315, 16, 3);
INSERT INTO fact2 (fact2_id, people_count, birthplace_id, time_id)
VALUES (124, 9201, 16, 4);
INSERT INTO fact2 (fact2_id, people_count, birthplace_id, time_id)
VALUES (125, 3927, 16, 5);
INSERT INTO fact2 (fact2_id, people_count, birthplace_id, time_id)
VALUES (126, 9317, 16, 6);
INSERT INTO fact2 (fact2_id, people_count, birthplace_id, time_id)
VALUES (127, 2743, 16, 7);
INSERT INTO fact2 (fact2_id, people_count, birthplace_id, time_id)
VALUES (128, 5889, 16, 8);
INSERT INTO fact2 (fact2_id, people_count, birthplace_id, time_id)
VALUES (129, 9317, 16, 9);
INSERT INTO fact2 (fact2_id, people_count, birthplace_id, time_id)
VALUES (130, 4258, 16, 10);
INSERT INTO fact2 (fact2_id, people_count, birthplace_id, time_id)
VALUES (131, 3504, 16, 11);
INSERT INTO fact2 (fact2_id, people_count, birthplace_id, time_id)
VALUES (132, 7126, 16, 12);
INSERT INTO fact2 (fact2_id, people_count, birthplace_id, time_id)
VALUES (133, 3646, 16, 13);
INSERT INTO fact2 (fact2_id, people_count, birthplace_id, time_id)
VALUES (134, 9837, 16, 14);
INSERT INTO fact2 (fact2_id, people_count, birthplace_id, time_id)
VALUES (135, 9689, 16, 15);
INSERT INTO fact2 (fact2_id, people_count, birthplace_id, time_id)
VALUES (136, 1009, 16, 16);
INSERT INTO fact2 (fact2_id, people_count, birthplace_id, time_id)
VALUES (137, 6310, 16, 17);
INSERT INTO fact2 (fact2_id, people_count, birthplace_id, time_id)
VALUES (138, 9005, 16, 18);
INSERT INTO fact2 (fact2_id, people_count, birthplace_id, time_id)
VALUES (139, 1319, 16, 19);
INSERT INTO fact2 (fact2_id, people_count, birthplace_id, time_id)
VALUES (140, 2832, 16, 20);
INSERT INTO fact2 (fact2_id, people_count, birthplace_id, time_id)
VALUES (141, 6947, 19, 1);
INSERT INTO fact2 (fact2_id, people_count, birthplace_id, time_id)
VALUES (142, 6038, 19, 2);
INSERT INTO fact2 (fact2_id, people_count, birthplace_id, time_id)
VALUES (143, 4923, 19, 3);
INSERT INTO fact2 (fact2_id, people_count, birthplace_id, time_id)
VALUES (144, 1949, 19, 4);
INSERT INTO fact2 (fact2_id, people_count, birthplace_id, time_id)
VALUES (145, 4946, 19, 5);
INSERT INTO fact2 (fact2_id, people_count, birthplace_id, time_id)
VALUES (146, 2290, 19, 6);
INSERT INTO fact2 (fact2_id, people_count, birthplace_id, time_id)
VALUES (147, 2403, 19, 7);
INSERT INTO fact2 (fact2_id, people_count, birthplace_id, time_id)
VALUES (148, 8962, 19, 8);
INSERT INTO fact2 (fact2_id, people_count, birthplace_id, time_id)
VALUES (149, 2133, 19, 9);
INSERT INTO fact2 (fact2_id, people_count, birthplace_id, time_id)
VALUES (150, 9727, 19, 10);
INSERT INTO fact2 (fact2_id, people_count, birthplace_id, time_id)
VALUES (151, 3060, 19, 11);
INSERT INTO fact2 (fact2_id, people_count, birthplace_id, time_id)
VALUES (152, 3103, 19, 12);
INSERT INTO fact2 (fact2_id, people_count, birthplace_id, time_id)
VALUES (153, 8787, 19, 13);
INSERT INTO fact2 (fact2_id, people_count, birthplace_id, time_id)
VALUES (154, 3705, 19, 14);
INSERT INTO fact2 (fact2_id, people_count, birthplace_id, time_id)
VALUES (155, 5342, 19, 15);
INSERT INTO fact2 (fact2_id, people_count, birthplace_id, time_id)
VALUES (156, 9645, 19, 16);
INSERT INTO fact2 (fact2_id, people_count, birthplace_id, time_id)
VALUES (157, 7932, 19, 17);
INSERT INTO fact2 (fact2_id, people_count, birthplace_id, time_id)
VALUES (158, 4470, 19, 18);
INSERT INTO fact2 (fact2_id, people_count, birthplace_id, time_id)
VALUES (159, 9835, 19, 19);
INSERT INTO fact2 (fact2_id, people_count, birthplace_id, time_id)
VALUES (160, 4295, 19, 20);
INSERT INTO fact2 (fact2_id, people_count, birthplace_id, time_id)
VALUES (161, 6107, 21, 1);
INSERT INTO fact2 (fact2_id, people_count, birthplace_id, time_id)
VALUES (162, 7537, 21, 2);
INSERT INTO fact2 (fact2_id, people_count, birthplace_id, time_id)
VALUES (163, 7118, 21, 3);
INSERT INTO fact2 (fact2_id, people_count, birthplace_id, time_id)
VALUES (164, 8177, 21, 4);
INSERT INTO fact2 (fact2_id, people_count, birthplace_id, time_id)
VALUES (165, 9479, 21, 5);
INSERT INTO fact2 (fact2_id, people_count, birthplace_id, time_id)
VALUES (166, 8397, 21, 6);
INSERT INTO fact2 (fact2_id, people_count, birthplace_id, time_id)
VALUES (167, 2982, 21, 7);
INSERT INTO fact2 (fact2_id, people_count, birthplace_id, time_id)
VALUES (168, 5061, 21, 8);
INSERT INTO fact2 (fact2_id, people_count, birthplace_id, time_id)
VALUES (169, 4681, 21, 9);
INSERT INTO fact2 (fact2_id, people_count, birthplace_id, time_id)
VALUES (170, 2049, 21, 10);
INSERT INTO fact2 (fact2_id, people_count, birthplace_id, time_id)
VALUES (171, 6539, 21, 11);
INSERT INTO fact2 (fact2_id, people_count, birthplace_id, time_id)
VALUES (172, 1344, 21, 12);
INSERT INTO fact2 (fact2_id, people_count, birthplace_id, time_id)
VALUES (173, 4770, 21, 13);
INSERT INTO fact2 (fact2_id, people_count, birthplace_id, time_id)
VALUES (174, 4608, 21, 14);
INSERT INTO fact2 (fact2_id, people_count, birthplace_id, time_id)
VALUES (175, 1117, 21, 15);
INSERT INTO fact2 (fact2_id, people_count, birthplace_id, time_id)
VALUES (176, 2163, 21, 16);
INSERT INTO fact2 (fact2_id, people_count, birthplace_id, time_id)
VALUES (177, 1964, 21, 17);
INSERT INTO fact2 (fact2_id, people_count, birthplace_id, time_id)
VALUES (178, 4750, 21, 18);
INSERT INTO fact2 (fact2_id, people_count, birthplace_id, time_id)
VALUES (179, 2104, 21, 19);
INSERT INTO fact2 (fact2_id, people_count, birthplace_id, time_id)
VALUES (180, 1514, 21, 20);
INSERT INTO fact2 (fact2_id, people_count, birthplace_id, time_id)
VALUES (181, 6413, 23, 1);
INSERT INTO fact2 (fact2_id, people_count, birthplace_id, time_id)
VALUES (182, 2160, 23, 2);
INSERT INTO fact2 (fact2_id, people_count, birthplace_id, time_id)
VALUES (183, 9423, 23, 3);
INSERT INTO fact2 (fact2_id, people_count, birthplace_id, time_id)
VALUES (184, 4899, 23, 4);
INSERT INTO fact2 (fact2_id, people_count, birthplace_id, time_id)
VALUES (185, 5562, 23, 5);
INSERT INTO fact2 (fact2_id, people_count, birthplace_id, time_id)
VALUES (186, 8953, 23, 6);
INSERT INTO fact2 (fact2_id, people_count, birthplace_id, time_id)
VALUES (187, 4510, 23, 7);
INSERT INTO fact2 (fact2_id, people_count, birthplace_id, time_id)
VALUES (188, 9834, 23, 8);
INSERT INTO fact2 (fact2_id, people_count, birthplace_id, time_id)
VALUES (189, 3167, 23, 9);
INSERT INTO fact2 (fact2_id, people_count, birthplace_id, time_id)
VALUES (190, 8744, 23, 10);
INSERT INTO fact2 (fact2_id, people_count, birthplace_id, time_id)
VALUES (191, 4981, 23, 11);
INSERT INTO fact2 (fact2_id, people_count, birthplace_id, time_id)
VALUES (192, 8749, 23, 12);
INSERT INTO fact2 (fact2_id, people_count, birthplace_id, time_id)
VALUES (193, 7669, 23, 13);
INSERT INTO fact2 (fact2_id, people_count, birthplace_id, time_id)
VALUES (194, 4119, 23, 14);
INSERT INTO fact2 (fact2_id, people_count, birthplace_id, time_id)
VALUES (195, 2545, 23, 15);
INSERT INTO fact2 (fact2_id, people_count, birthplace_id, time_id)
VALUES (196, 2588, 23, 16);
INSERT INTO fact2 (fact2_id, people_count, birthplace_id, time_id)
VALUES (197, 8062, 23, 17);
INSERT INTO fact2 (fact2_id, people_count, birthplace_id, time_id)
VALUES (198, 6804, 23, 18);
INSERT INTO fact2 (fact2_id, people_count, birthplace_id, time_id)
VALUES (199, 7939, 23, 19);
INSERT INTO fact2 (fact2_id, people_count, birthplace_id, time_id)
VALUES (200, 7735, 23, 20);
INSERT INTO fact2 (fact2_id, people_count, birthplace_id, time_id)
VALUES (201, 8651, 27, 1);
INSERT INTO fact2 (fact2_id, people_count, birthplace_id, time_id)
VALUES (202, 1887, 27, 2);
INSERT INTO fact2 (fact2_id, people_count, birthplace_id, time_id)
VALUES (203, 2612, 27, 3);
INSERT INTO fact2 (fact2_id, people_count, birthplace_id, time_id)
VALUES (204, 1993, 27, 4);
INSERT INTO fact2 (fact2_id, people_count, birthplace_id, time_id)
VALUES (205, 7596, 27, 5);
INSERT INTO fact2 (fact2_id, people_count, birthplace_id, time_id)
VALUES (206, 6559, 27, 6);
INSERT INTO fact2 (fact2_id, people_count, birthplace_id, time_id)
VALUES (207, 2790, 27, 7);
INSERT INTO fact2 (fact2_id, people_count, birthplace_id, time_id)
VALUES (208, 5073, 27, 8);
INSERT INTO fact2 (fact2_id, people_count, birthplace_id, time_id)
VALUES (209, 4139, 27, 9);
INSERT INTO fact2 (fact2_id, people_count, birthplace_id, time_id)
VALUES (210, 4116, 27, 10);
INSERT INTO fact2 (fact2_id, people_count, birthplace_id, time_id)
VALUES (211, 9786, 27, 11);
INSERT INTO fact2 (fact2_id, people_count, birthplace_id, time_id)
VALUES (212, 8350, 27, 12);
INSERT INTO fact2 (fact2_id, people_count, birthplace_id, time_id)
VALUES (213, 3296, 27, 13);
INSERT INTO fact2 (fact2_id, people_count, birthplace_id, time_id)
VALUES (214, 7912, 27, 14);
INSERT INTO fact2 (fact2_id, people_count, birthplace_id, time_id)
VALUES (215, 4006, 27, 15);
INSERT INTO fact2 (fact2_id, people_count, birthplace_id, time_id)
VALUES (216, 5563, 27, 16);
INSERT INTO fact2 (fact2_id, people_count, birthplace_id, time_id)
VALUES (217, 8579, 27, 17);
INSERT INTO fact2 (fact2_id, people_count, birthplace_id, time_id)
VALUES (218, 5092, 27, 18);
INSERT INTO fact2 (fact2_id, people_count, birthplace_id, time_id)
VALUES (219, 2235, 27, 19);
INSERT INTO fact2 (fact2_id, people_count, birthplace_id, time_id)
VALUES (220, 8260, 27, 20);
INSERT INTO fact2 (fact2_id, people_count, birthplace_id, time_id)
VALUES (221, 2604, 29, 1);
INSERT INTO fact2 (fact2_id, people_count, birthplace_id, time_id)
VALUES (222, 1828, 29, 2);
INSERT INTO fact2 (fact2_id, people_count, birthplace_id, time_id)
VALUES (223, 9856, 29, 3);
INSERT INTO fact2 (fact2_id, people_count, birthplace_id, time_id)
VALUES (224, 1241, 29, 4);
INSERT INTO fact2 (fact2_id, people_count, birthplace_id, time_id)
VALUES (225, 2528, 29, 5);
INSERT INTO fact2 (fact2_id, people_count, birthplace_id, time_id)
VALUES (226, 4872, 29, 6);
INSERT INTO fact2 (fact2_id, people_count, birthplace_id, time_id)
VALUES (227, 3724, 29, 7);
INSERT INTO fact2 (fact2_id, people_count, birthplace_id, time_id)
VALUES (228, 7658, 29, 8);
INSERT INTO fact2 (fact2_id, people_count, birthplace_id, time_id)
VALUES (229, 8956, 29, 9);
INSERT INTO fact2 (fact2_id, people_count, birthplace_id, time_id)
VALUES (230, 8886, 29, 10);
INSERT INTO fact2 (fact2_id, people_count, birthplace_id, time_id)
VALUES (231, 4502, 29, 11);
INSERT INTO fact2 (fact2_id, people_count, birthplace_id, time_id)
VALUES (232, 7570, 29, 12);
INSERT INTO fact2 (fact2_id, people_count, birthplace_id, time_id)
VALUES (233, 1960, 29, 13);
INSERT INTO fact2 (fact2_id, people_count, birthplace_id, time_id)
VALUES (234, 3697, 29, 14);
INSERT INTO fact2 (fact2_id, people_count, birthplace_id, time_id)
VALUES (235, 7209, 29, 15);
INSERT INTO fact2 (fact2_id, people_count, birthplace_id, time_id)
VALUES (236, 1035, 29, 16);
INSERT INTO fact2 (fact2_id, people_count, birthplace_id, time_id)
VALUES (237, 7396, 29, 17);
INSERT INTO fact2 (fact2_id, people_count, birthplace_id, time_id)
VALUES (238, 5345, 29, 18);
INSERT INTO fact2 (fact2_id, people_count, birthplace_id, time_id)
VALUES (239, 8454, 29, 19);
INSERT INTO fact2 (fact2_id, people_count, birthplace_id, time_id)
VALUES (240, 5673, 29, 20);
INSERT INTO fact2 (fact2_id, people_count, birthplace_id, time_id)
VALUES (241, 7930, 31, 1);
INSERT INTO fact2 (fact2_id, people_count, birthplace_id, time_id)
VALUES (242, 8973, 31, 2);
INSERT INTO fact2 (fact2_id, people_count, birthplace_id, time_id)
VALUES (243, 3536, 31, 3);
INSERT INTO fact2 (fact2_id, people_count, birthplace_id, time_id)
VALUES (244, 4111, 31, 4);
INSERT INTO fact2 (fact2_id, people_count, birthplace_id, time_id)
VALUES (245, 5861, 31, 5);
INSERT INTO fact2 (fact2_id, people_count, birthplace_id, time_id)
VALUES (246, 4566, 31, 6);
INSERT INTO fact2 (fact2_id, people_count, birthplace_id, time_id)
VALUES (247, 1958, 31, 7);
INSERT INTO fact2 (fact2_id, people_count, birthplace_id, time_id)
VALUES (248, 9883, 31, 8);
INSERT INTO fact2 (fact2_id, people_count, birthplace_id, time_id)
VALUES (249, 1998, 31, 9);
INSERT INTO fact2 (fact2_id, people_count, birthplace_id, time_id)
VALUES (250, 6138, 31, 10);
INSERT INTO fact2 (fact2_id, people_count, birthplace_id, time_id)
VALUES (251, 1936, 31, 11);
INSERT INTO fact2 (fact2_id, people_count, birthplace_id, time_id)
VALUES (252, 1821, 31, 12);
INSERT INTO fact2 (fact2_id, people_count, birthplace_id, time_id)
VALUES (253, 8811, 31, 13);
INSERT INTO fact2 (fact2_id, people_count, birthplace_id, time_id)
VALUES (254, 9238, 31, 14);
INSERT INTO fact2 (fact2_id, people_count, birthplace_id, time_id)
VALUES (255, 9701, 31, 15);
INSERT INTO fact2 (fact2_id, people_count, birthplace_id, time_id)
VALUES (256, 3579, 31, 16);
INSERT INTO fact2 (fact2_id, people_count, birthplace_id, time_id)
VALUES (257, 1931, 31, 17);
INSERT INTO fact2 (fact2_id, people_count, birthplace_id, time_id)
VALUES (258, 9320, 31, 18);
INSERT INTO fact2 (fact2_id, people_count, birthplace_id, time_id)
VALUES (259, 2312, 31, 19);
INSERT INTO fact2 (fact2_id, people_count, birthplace_id, time_id)
VALUES (260, 4044, 31, 20);
INSERT INTO fact2 (fact2_id, people_count, birthplace_id, time_id)
VALUES (261, 2122, 34, 1);
INSERT INTO fact2 (fact2_id, people_count, birthplace_id, time_id)
VALUES (262, 2113, 34, 2);
INSERT INTO fact2 (fact2_id, people_count, birthplace_id, time_id)
VALUES (263, 4853, 34, 3);
INSERT INTO fact2 (fact2_id, people_count, birthplace_id, time_id)
VALUES (264, 7615, 34, 4);
INSERT INTO fact2 (fact2_id, people_count, birthplace_id, time_id)
VALUES (265, 2964, 34, 5);
INSERT INTO fact2 (fact2_id, people_count, birthplace_id, time_id)
VALUES (266, 5033, 34, 6);
INSERT INTO fact2 (fact2_id, people_count, birthplace_id, time_id)
VALUES (267, 1651, 34, 7);
INSERT INTO fact2 (fact2_id, people_count, birthplace_id, time_id)
VALUES (268, 2343, 34, 8);
INSERT INTO fact2 (fact2_id, people_count, birthplace_id, time_id)
VALUES (269, 7868, 34, 9);
INSERT INTO fact2 (fact2_id, people_count, birthplace_id, time_id)
VALUES (270, 9565, 34, 10);
INSERT INTO fact2 (fact2_id, people_count, birthplace_id, time_id)
VALUES (271, 6183, 34, 11);
INSERT INTO fact2 (fact2_id, people_count, birthplace_id, time_id)
VALUES (272, 5272, 34, 12);
INSERT INTO fact2 (fact2_id, people_count, birthplace_id, time_id)
VALUES (273, 4346, 34, 13);
INSERT INTO fact2 (fact2_id, people_count, birthplace_id, time_id)
VALUES (274, 6147, 34, 14);
INSERT INTO fact2 (fact2_id, people_count, birthplace_id, time_id)
VALUES (275, 4910, 34, 15);
INSERT INTO fact2 (fact2_id, people_count, birthplace_id, time_id)
VALUES (276, 5351, 34, 16);
INSERT INTO fact2 (fact2_id, people_count, birthplace_id, time_id)
VALUES (277, 7484, 34, 17);
INSERT INTO fact2 (fact2_id, people_count, birthplace_id, time_id)
VALUES (278, 3144, 34, 18);
INSERT INTO fact2 (fact2_id, people_count, birthplace_id, time_id)
VALUES (279, 5915, 34, 19);
INSERT INTO fact2 (fact2_id, people_count, birthplace_id, time_id)
VALUES (280, 8491, 34, 20);
INSERT INTO fact2 (fact2_id, people_count, birthplace_id, time_id)
VALUES (281, 6180, 36, 1);
INSERT INTO fact2 (fact2_id, people_count, birthplace_id, time_id)
VALUES (282, 2188, 36, 2);
INSERT INTO fact2 (fact2_id, people_count, birthplace_id, time_id)
VALUES (283, 1152, 36, 3);
INSERT INTO fact2 (fact2_id, people_count, birthplace_id, time_id)
VALUES (284, 8508, 36, 4);
INSERT INTO fact2 (fact2_id, people_count, birthplace_id, time_id)
VALUES (285, 2638, 36, 5);
INSERT INTO fact2 (fact2_id, people_count, birthplace_id, time_id)
VALUES (286, 2200, 36, 6);
INSERT INTO fact2 (fact2_id, people_count, birthplace_id, time_id)
VALUES (287, 9808, 36, 7);
INSERT INTO fact2 (fact2_id, people_count, birthplace_id, time_id)
VALUES (288, 4492, 36, 8);
INSERT INTO fact2 (fact2_id, people_count, birthplace_id, time_id)
VALUES (289, 9288, 36, 9);
INSERT INTO fact2 (fact2_id, people_count, birthplace_id, time_id)
VALUES (290, 5345, 36, 10);
INSERT INTO fact2 (fact2_id, people_count, birthplace_id, time_id)
VALUES (291, 3170, 36, 11);
INSERT INTO fact2 (fact2_id, people_count, birthplace_id, time_id)
VALUES (292, 6718, 36, 12);
INSERT INTO fact2 (fact2_id, people_count, birthplace_id, time_id)
VALUES (293, 2127, 36, 13);
INSERT INTO fact2 (fact2_id, people_count, birthplace_id, time_id)
VALUES (294, 5002, 36, 14);
INSERT INTO fact2 (fact2_id, people_count, birthplace_id, time_id)
VALUES (295, 7054, 36, 15);
INSERT INTO fact2 (fact2_id, people_count, birthplace_id, time_id)
VALUES (296, 5669, 36, 16);
INSERT INTO fact2 (fact2_id, people_count, birthplace_id, time_id)
VALUES (297, 3584, 36, 17);
INSERT INTO fact2 (fact2_id, people_count, birthplace_id, time_id)
VALUES (298, 8179, 36, 18);
INSERT INTO fact2 (fact2_id, people_count, birthplace_id, time_id)
VALUES (299, 9900, 36, 19);
INSERT INTO fact2 (fact2_id, people_count, birthplace_id, time_id)
VALUES (300, 5956, 36, 20);
INSERT INTO fact2 (fact2_id, people_count, birthplace_id, time_id)
VALUES (301, 9666, 38, 1);
INSERT INTO fact2 (fact2_id, people_count, birthplace_id, time_id)
VALUES (302, 1128, 38, 2);
INSERT INTO fact2 (fact2_id, people_count, birthplace_id, time_id)
VALUES (303, 5905, 38, 3);
INSERT INTO fact2 (fact2_id, people_count, birthplace_id, time_id)
VALUES (304, 2697, 38, 4);
INSERT INTO fact2 (fact2_id, people_count, birthplace_id, time_id)
VALUES (305, 3200, 38, 5);
INSERT INTO fact2 (fact2_id, people_count, birthplace_id, time_id)
VALUES (306, 5333, 38, 6);
INSERT INTO fact2 (fact2_id, people_count, birthplace_id, time_id)
VALUES (307, 2891, 38, 7);
INSERT INTO fact2 (fact2_id, people_count, birthplace_id, time_id)
VALUES (308, 2753, 38, 8);
INSERT INTO fact2 (fact2_id, people_count, birthplace_id, time_id)
VALUES (309, 3546, 38, 9);
INSERT INTO fact2 (fact2_id, people_count, birthplace_id, time_id)
VALUES (310, 5462, 38, 10);
INSERT INTO fact2 (fact2_id, people_count, birthplace_id, time_id)
VALUES (311, 5616, 38, 11);
INSERT INTO fact2 (fact2_id, people_count, birthplace_id, time_id)
VALUES (312, 4450, 38, 12);
INSERT INTO fact2 (fact2_id, people_count, birthplace_id, time_id)
VALUES (313, 6617, 38, 13);
INSERT INTO fact2 (fact2_id, people_count, birthplace_id, time_id)
VALUES (314, 4335, 38, 14);
INSERT INTO fact2 (fact2_id, people_count, birthplace_id, time_id)
VALUES (315, 5325, 38, 15);
INSERT INTO fact2 (fact2_id, people_count, birthplace_id, time_id)
VALUES (316, 9280, 38, 16);
INSERT INTO fact2 (fact2_id, people_count, birthplace_id, time_id)
VALUES (317, 9004, 38, 17);
INSERT INTO fact2 (fact2_id, people_count, birthplace_id, time_id)
VALUES (318, 5114, 38, 18);
INSERT INTO fact2 (fact2_id, people_count, birthplace_id, time_id)
VALUES (319, 1832, 38, 19);
INSERT INTO fact2 (fact2_id, people_count, birthplace_id, time_id)
VALUES (320, 2512, 38, 20);

INSERT INTO publishers (publisher_id, country_key, country_name, city_key, city_name, publisher_key, publisher_name)
VALUES (3, 1, 'Russia', 2, 'Vologda', 4, 'Eksmo');
INSERT INTO publishers (publisher_id, country_key, country_name, city_key, city_name, publisher_key, publisher_name)
VALUES (5, 1, 'Russia', 2, 'Vologda', 6, 'AST');
INSERT INTO publishers (publisher_id, country_key, country_name, city_key, city_name, publisher_key, publisher_name)
VALUES (8, 1, 'Russia', 7, 'Yaroslavl', 9, 'ROSMAN');
INSERT INTO publishers (publisher_id, country_key, country_name, city_key, city_name, publisher_key, publisher_name)
VALUES (10, 1, 'Russia', 7, 'Yaroslavl', 11, 'ALFA');
INSERT INTO publishers (publisher_id, country_key, country_name, city_key, city_name, publisher_key, publisher_name)
VALUES (13, 1, 'Russia', 12, 'Krasnoyarsk', 14, 'OLMA');
INSERT INTO publishers (publisher_id, country_key, country_name, city_key, city_name, publisher_key, publisher_name)
VALUES (17, 15, 'Belarus', 16, 'Gomel', 18, 'CENTRPOLIGRAF');
INSERT INTO publishers (publisher_id, country_key, country_name, city_key, city_name, publisher_key, publisher_name)
VALUES (19, 15, 'Belarus', 16, 'Gomel', 20, 'AZBUKA');
INSERT INTO publishers (publisher_id, country_key, country_name, city_key, city_name, publisher_key, publisher_name)
VALUES (22, 15, 'Belarus', 21, 'Minsk', 23, 'ATTIKUS');

INSERT INTO fact3 (fact3_id, people_count, publisher_id, time_id)
VALUES (1, 749, 3, 1);
INSERT INTO fact3 (fact3_id, people_count, publisher_id, time_id)
VALUES (2, 533, 3, 2);
INSERT INTO fact3 (fact3_id, people_count, publisher_id, time_id)
VALUES (3, 949, 3, 3);
INSERT INTO fact3 (fact3_id, people_count, publisher_id, time_id)
VALUES (4, 383, 3, 4);
INSERT INTO fact3 (fact3_id, people_count, publisher_id, time_id)
VALUES (5, 145, 3, 5);
INSERT INTO fact3 (fact3_id, people_count, publisher_id, time_id)
VALUES (6, 103, 3, 6);
INSERT INTO fact3 (fact3_id, people_count, publisher_id, time_id)
VALUES (7, 441, 3, 7);
INSERT INTO fact3 (fact3_id, people_count, publisher_id, time_id)
VALUES (8, 889, 3, 8);
INSERT INTO fact3 (fact3_id, people_count, publisher_id, time_id)
VALUES (9, 233, 3, 9);
INSERT INTO fact3 (fact3_id, people_count, publisher_id, time_id)
VALUES (10, 752, 3, 10);
INSERT INTO fact3 (fact3_id, people_count, publisher_id, time_id)
VALUES (11, 368, 3, 11);
INSERT INTO fact3 (fact3_id, people_count, publisher_id, time_id)
VALUES (12, 265, 3, 12);
INSERT INTO fact3 (fact3_id, people_count, publisher_id, time_id)
VALUES (13, 859, 3, 13);
INSERT INTO fact3 (fact3_id, people_count, publisher_id, time_id)
VALUES (14, 552, 3, 14);
INSERT INTO fact3 (fact3_id, people_count, publisher_id, time_id)
VALUES (15, 664, 3, 15);
INSERT INTO fact3 (fact3_id, people_count, publisher_id, time_id)
VALUES (16, 822, 3, 16);
INSERT INTO fact3 (fact3_id, people_count, publisher_id, time_id)
VALUES (17, 537, 3, 17);
INSERT INTO fact3 (fact3_id, people_count, publisher_id, time_id)
VALUES (18, 674, 3, 18);
INSERT INTO fact3 (fact3_id, people_count, publisher_id, time_id)
VALUES (19, 109, 3, 19);
INSERT INTO fact3 (fact3_id, people_count, publisher_id, time_id)
VALUES (20, 214, 3, 20);
INSERT INTO fact3 (fact3_id, people_count, publisher_id, time_id)
VALUES (21, 177, 5, 1);
INSERT INTO fact3 (fact3_id, people_count, publisher_id, time_id)
VALUES (22, 807, 5, 2);
INSERT INTO fact3 (fact3_id, people_count, publisher_id, time_id)
VALUES (23, 252, 5, 3);
INSERT INTO fact3 (fact3_id, people_count, publisher_id, time_id)
VALUES (24, 658, 5, 4);
INSERT INTO fact3 (fact3_id, people_count, publisher_id, time_id)
VALUES (25, 136, 5, 5);
INSERT INTO fact3 (fact3_id, people_count, publisher_id, time_id)
VALUES (26, 954, 5, 6);
INSERT INTO fact3 (fact3_id, people_count, publisher_id, time_id)
VALUES (27, 478, 5, 7);
INSERT INTO fact3 (fact3_id, people_count, publisher_id, time_id)
VALUES (28, 696, 5, 8);
INSERT INTO fact3 (fact3_id, people_count, publisher_id, time_id)
VALUES (29, 665, 5, 9);
INSERT INTO fact3 (fact3_id, people_count, publisher_id, time_id)
VALUES (30, 251, 5, 10);
INSERT INTO fact3 (fact3_id, people_count, publisher_id, time_id)
VALUES (31, 540, 5, 11);
INSERT INTO fact3 (fact3_id, people_count, publisher_id, time_id)
VALUES (32, 230, 5, 12);
INSERT INTO fact3 (fact3_id, people_count, publisher_id, time_id)
VALUES (33, 142, 5, 13);
INSERT INTO fact3 (fact3_id, people_count, publisher_id, time_id)
VALUES (34, 415, 5, 14);
INSERT INTO fact3 (fact3_id, people_count, publisher_id, time_id)
VALUES (35, 473, 5, 15);
INSERT INTO fact3 (fact3_id, people_count, publisher_id, time_id)
VALUES (36, 915, 5, 16);
INSERT INTO fact3 (fact3_id, people_count, publisher_id, time_id)
VALUES (37, 981, 5, 17);
INSERT INTO fact3 (fact3_id, people_count, publisher_id, time_id)
VALUES (38, 140, 5, 18);
INSERT INTO fact3 (fact3_id, people_count, publisher_id, time_id)
VALUES (39, 466, 5, 19);
INSERT INTO fact3 (fact3_id, people_count, publisher_id, time_id)
VALUES (40, 315, 5, 20);
INSERT INTO fact3 (fact3_id, people_count, publisher_id, time_id)
VALUES (41, 798, 8, 1);
INSERT INTO fact3 (fact3_id, people_count, publisher_id, time_id)
VALUES (42, 355, 8, 2);
INSERT INTO fact3 (fact3_id, people_count, publisher_id, time_id)
VALUES (43, 782, 8, 3);
INSERT INTO fact3 (fact3_id, people_count, publisher_id, time_id)
VALUES (44, 205, 8, 4);
INSERT INTO fact3 (fact3_id, people_count, publisher_id, time_id)
VALUES (45, 462, 8, 5);
INSERT INTO fact3 (fact3_id, people_count, publisher_id, time_id)
VALUES (46, 898, 8, 6);
INSERT INTO fact3 (fact3_id, people_count, publisher_id, time_id)
VALUES (47, 673, 8, 7);
INSERT INTO fact3 (fact3_id, people_count, publisher_id, time_id)
VALUES (48, 995, 8, 8);
INSERT INTO fact3 (fact3_id, people_count, publisher_id, time_id)
VALUES (49, 516, 8, 9);
INSERT INTO fact3 (fact3_id, people_count, publisher_id, time_id)
VALUES (50, 735, 8, 10);
INSERT INTO fact3 (fact3_id, people_count, publisher_id, time_id)
VALUES (51, 867, 8, 11);
INSERT INTO fact3 (fact3_id, people_count, publisher_id, time_id)
VALUES (52, 258, 8, 12);
INSERT INTO fact3 (fact3_id, people_count, publisher_id, time_id)
VALUES (53, 342, 8, 13);
INSERT INTO fact3 (fact3_id, people_count, publisher_id, time_id)
VALUES (54, 985, 8, 14);
INSERT INTO fact3 (fact3_id, people_count, publisher_id, time_id)
VALUES (55, 266, 8, 15);
INSERT INTO fact3 (fact3_id, people_count, publisher_id, time_id)
VALUES (56, 919, 8, 16);
INSERT INTO fact3 (fact3_id, people_count, publisher_id, time_id)
VALUES (57, 930, 8, 17);
INSERT INTO fact3 (fact3_id, people_count, publisher_id, time_id)
VALUES (58, 281, 8, 18);
INSERT INTO fact3 (fact3_id, people_count, publisher_id, time_id)
VALUES (59, 522, 8, 19);
INSERT INTO fact3 (fact3_id, people_count, publisher_id, time_id)
VALUES (60, 125, 8, 20);
INSERT INTO fact3 (fact3_id, people_count, publisher_id, time_id)
VALUES (61, 283, 10, 1);
INSERT INTO fact3 (fact3_id, people_count, publisher_id, time_id)
VALUES (62, 854, 10, 2);
INSERT INTO fact3 (fact3_id, people_count, publisher_id, time_id)
VALUES (63, 440, 10, 3);
INSERT INTO fact3 (fact3_id, people_count, publisher_id, time_id)
VALUES (64, 901, 10, 4);
INSERT INTO fact3 (fact3_id, people_count, publisher_id, time_id)
VALUES (65, 521, 10, 5);
INSERT INTO fact3 (fact3_id, people_count, publisher_id, time_id)
VALUES (66, 921, 10, 6);
INSERT INTO fact3 (fact3_id, people_count, publisher_id, time_id)
VALUES (67, 785, 10, 7);
INSERT INTO fact3 (fact3_id, people_count, publisher_id, time_id)
VALUES (68, 984, 10, 8);
INSERT INTO fact3 (fact3_id, people_count, publisher_id, time_id)
VALUES (69, 852, 10, 9);
INSERT INTO fact3 (fact3_id, people_count, publisher_id, time_id)
VALUES (70, 930, 10, 10);
INSERT INTO fact3 (fact3_id, people_count, publisher_id, time_id)
VALUES (71, 354, 10, 11);
INSERT INTO fact3 (fact3_id, people_count, publisher_id, time_id)
VALUES (72, 373, 10, 12);
INSERT INTO fact3 (fact3_id, people_count, publisher_id, time_id)
VALUES (73, 263, 10, 13);
INSERT INTO fact3 (fact3_id, people_count, publisher_id, time_id)
VALUES (74, 906, 10, 14);
INSERT INTO fact3 (fact3_id, people_count, publisher_id, time_id)
VALUES (75, 818, 10, 15);
INSERT INTO fact3 (fact3_id, people_count, publisher_id, time_id)
VALUES (76, 210, 10, 16);
INSERT INTO fact3 (fact3_id, people_count, publisher_id, time_id)
VALUES (77, 491, 10, 17);
INSERT INTO fact3 (fact3_id, people_count, publisher_id, time_id)
VALUES (78, 993, 10, 18);
INSERT INTO fact3 (fact3_id, people_count, publisher_id, time_id)
VALUES (79, 139, 10, 19);
INSERT INTO fact3 (fact3_id, people_count, publisher_id, time_id)
VALUES (80, 979, 10, 20);
INSERT INTO fact3 (fact3_id, people_count, publisher_id, time_id)
VALUES (81, 581, 13, 1);
INSERT INTO fact3 (fact3_id, people_count, publisher_id, time_id)
VALUES (82, 327, 13, 2);
INSERT INTO fact3 (fact3_id, people_count, publisher_id, time_id)
VALUES (83, 304, 13, 3);
INSERT INTO fact3 (fact3_id, people_count, publisher_id, time_id)
VALUES (84, 936, 13, 4);
INSERT INTO fact3 (fact3_id, people_count, publisher_id, time_id)
VALUES (85, 571, 13, 5);
INSERT INTO fact3 (fact3_id, people_count, publisher_id, time_id)
VALUES (86, 458, 13, 6);
INSERT INTO fact3 (fact3_id, people_count, publisher_id, time_id)
VALUES (87, 412, 13, 7);
INSERT INTO fact3 (fact3_id, people_count, publisher_id, time_id)
VALUES (88, 940, 13, 8);
INSERT INTO fact3 (fact3_id, people_count, publisher_id, time_id)
VALUES (89, 914, 13, 9);
INSERT INTO fact3 (fact3_id, people_count, publisher_id, time_id)
VALUES (90, 992, 13, 10);
INSERT INTO fact3 (fact3_id, people_count, publisher_id, time_id)
VALUES (91, 333, 13, 11);
INSERT INTO fact3 (fact3_id, people_count, publisher_id, time_id)
VALUES (92, 328, 13, 12);
INSERT INTO fact3 (fact3_id, people_count, publisher_id, time_id)
VALUES (93, 124, 13, 13);
INSERT INTO fact3 (fact3_id, people_count, publisher_id, time_id)
VALUES (94, 775, 13, 14);
INSERT INTO fact3 (fact3_id, people_count, publisher_id, time_id)
VALUES (95, 297, 13, 15);
INSERT INTO fact3 (fact3_id, people_count, publisher_id, time_id)
VALUES (96, 508, 13, 16);
INSERT INTO fact3 (fact3_id, people_count, publisher_id, time_id)
VALUES (97, 436, 13, 17);
INSERT INTO fact3 (fact3_id, people_count, publisher_id, time_id)
VALUES (98, 385, 13, 18);
INSERT INTO fact3 (fact3_id, people_count, publisher_id, time_id)
VALUES (99, 985, 13, 19);
INSERT INTO fact3 (fact3_id, people_count, publisher_id, time_id)
VALUES (100, 171, 13, 20);
INSERT INTO fact3 (fact3_id, people_count, publisher_id, time_id)
VALUES (101, 891, 17, 1);
INSERT INTO fact3 (fact3_id, people_count, publisher_id, time_id)
VALUES (102, 385, 17, 2);
INSERT INTO fact3 (fact3_id, people_count, publisher_id, time_id)
VALUES (103, 459, 17, 3);
INSERT INTO fact3 (fact3_id, people_count, publisher_id, time_id)
VALUES (104, 756, 17, 4);
INSERT INTO fact3 (fact3_id, people_count, publisher_id, time_id)
VALUES (105, 621, 17, 5);
INSERT INTO fact3 (fact3_id, people_count, publisher_id, time_id)
VALUES (106, 509, 17, 6);
INSERT INTO fact3 (fact3_id, people_count, publisher_id, time_id)
VALUES (107, 795, 17, 7);
INSERT INTO fact3 (fact3_id, people_count, publisher_id, time_id)
VALUES (108, 963, 17, 8);
INSERT INTO fact3 (fact3_id, people_count, publisher_id, time_id)
VALUES (109, 649, 17, 9);
INSERT INTO fact3 (fact3_id, people_count, publisher_id, time_id)
VALUES (110, 439, 17, 10);
INSERT INTO fact3 (fact3_id, people_count, publisher_id, time_id)
VALUES (111, 128, 17, 11);
INSERT INTO fact3 (fact3_id, people_count, publisher_id, time_id)
VALUES (112, 218, 17, 12);
INSERT INTO fact3 (fact3_id, people_count, publisher_id, time_id)
VALUES (113, 998, 17, 13);
INSERT INTO fact3 (fact3_id, people_count, publisher_id, time_id)
VALUES (114, 367, 17, 14);
INSERT INTO fact3 (fact3_id, people_count, publisher_id, time_id)
VALUES (115, 282, 17, 15);
INSERT INTO fact3 (fact3_id, people_count, publisher_id, time_id)
VALUES (116, 694, 17, 16);
INSERT INTO fact3 (fact3_id, people_count, publisher_id, time_id)
VALUES (117, 371, 17, 17);
INSERT INTO fact3 (fact3_id, people_count, publisher_id, time_id)
VALUES (118, 139, 17, 18);
INSERT INTO fact3 (fact3_id, people_count, publisher_id, time_id)
VALUES (119, 211, 17, 19);
INSERT INTO fact3 (fact3_id, people_count, publisher_id, time_id)
VALUES (120, 710, 17, 20);
INSERT INTO fact3 (fact3_id, people_count, publisher_id, time_id)
VALUES (121, 544, 19, 1);
INSERT INTO fact3 (fact3_id, people_count, publisher_id, time_id)
VALUES (122, 453, 19, 2);
INSERT INTO fact3 (fact3_id, people_count, publisher_id, time_id)
VALUES (123, 846, 19, 3);
INSERT INTO fact3 (fact3_id, people_count, publisher_id, time_id)
VALUES (124, 905, 19, 4);
INSERT INTO fact3 (fact3_id, people_count, publisher_id, time_id)
VALUES (125, 421, 19, 5);
INSERT INTO fact3 (fact3_id, people_count, publisher_id, time_id)
VALUES (126, 546, 19, 6);
INSERT INTO fact3 (fact3_id, people_count, publisher_id, time_id)
VALUES (127, 720, 19, 7);
INSERT INTO fact3 (fact3_id, people_count, publisher_id, time_id)
VALUES (128, 623, 19, 8);
INSERT INTO fact3 (fact3_id, people_count, publisher_id, time_id)
VALUES (129, 218, 19, 9);
INSERT INTO fact3 (fact3_id, people_count, publisher_id, time_id)
VALUES (130, 494, 19, 10);
INSERT INTO fact3 (fact3_id, people_count, publisher_id, time_id)
VALUES (131, 690, 19, 11);
INSERT INTO fact3 (fact3_id, people_count, publisher_id, time_id)
VALUES (132, 294, 19, 12);
INSERT INTO fact3 (fact3_id, people_count, publisher_id, time_id)
VALUES (133, 360, 19, 13);
INSERT INTO fact3 (fact3_id, people_count, publisher_id, time_id)
VALUES (134, 145, 19, 14);
INSERT INTO fact3 (fact3_id, people_count, publisher_id, time_id)
VALUES (135, 825, 19, 15);
INSERT INTO fact3 (fact3_id, people_count, publisher_id, time_id)
VALUES (136, 546, 19, 16);
INSERT INTO fact3 (fact3_id, people_count, publisher_id, time_id)
VALUES (137, 101, 19, 17);
INSERT INTO fact3 (fact3_id, people_count, publisher_id, time_id)
VALUES (138, 632, 19, 18);
INSERT INTO fact3 (fact3_id, people_count, publisher_id, time_id)
VALUES (139, 925, 19, 19);
INSERT INTO fact3 (fact3_id, people_count, publisher_id, time_id)
VALUES (140, 651, 19, 20);
INSERT INTO fact3 (fact3_id, people_count, publisher_id, time_id)
VALUES (141, 803, 22, 1);
INSERT INTO fact3 (fact3_id, people_count, publisher_id, time_id)
VALUES (142, 836, 22, 2);
INSERT INTO fact3 (fact3_id, people_count, publisher_id, time_id)
VALUES (143, 859, 22, 3);
INSERT INTO fact3 (fact3_id, people_count, publisher_id, time_id)
VALUES (144, 854, 22, 4);
INSERT INTO fact3 (fact3_id, people_count, publisher_id, time_id)
VALUES (145, 786, 22, 5);
INSERT INTO fact3 (fact3_id, people_count, publisher_id, time_id)
VALUES (146, 301, 22, 6);
INSERT INTO fact3 (fact3_id, people_count, publisher_id, time_id)
VALUES (147, 472, 22, 7);
INSERT INTO fact3 (fact3_id, people_count, publisher_id, time_id)
VALUES (148, 541, 22, 8);
INSERT INTO fact3 (fact3_id, people_count, publisher_id, time_id)
VALUES (149, 171, 22, 9);
INSERT INTO fact3 (fact3_id, people_count, publisher_id, time_id)
VALUES (150, 780, 22, 10);
INSERT INTO fact3 (fact3_id, people_count, publisher_id, time_id)
VALUES (151, 438, 22, 11);
INSERT INTO fact3 (fact3_id, people_count, publisher_id, time_id)
VALUES (152, 738, 22, 12);
INSERT INTO fact3 (fact3_id, people_count, publisher_id, time_id)
VALUES (153, 421, 22, 13);
INSERT INTO fact3 (fact3_id, people_count, publisher_id, time_id)
VALUES (154, 779, 22, 14);
INSERT INTO fact3 (fact3_id, people_count, publisher_id, time_id)
VALUES (155, 968, 22, 15);
INSERT INTO fact3 (fact3_id, people_count, publisher_id, time_id)
VALUES (156, 227, 22, 16);
INSERT INTO fact3 (fact3_id, people_count, publisher_id, time_id)
VALUES (157, 837, 22, 17);
INSERT INTO fact3 (fact3_id, people_count, publisher_id, time_id)
VALUES (158, 407, 22, 18);
INSERT INTO fact3 (fact3_id, people_count, publisher_id, time_id)
VALUES (159, 619, 22, 19);
INSERT INTO fact3 (fact3_id, people_count, publisher_id, time_id)
VALUES (160, 416, 22, 20);
